id_1,id_2,title_2,similarity
346d754e93274e83bfa8e73e0c651b1d,92df7834768f4510968315422054e74e,Motion and Order for Discharge From Probation,0.12345679012345678
346d754e93274e83bfa8e73e0c651b1d,4dc487b22c6e4c5b9e7115911268f7ed,Binding Arbitration Award,0.047619047619047616
346d754e93274e83bfa8e73e0c651b1d,466555b870654b678b1ea30729f69f23,Order on Petition to Discontinue Sex Offender Registration,0.11594202898550725
346d754e93274e83bfa8e73e0c651b1d,c1d467021d4e4a0b8586dfc74a9b03e8,Assignment to Youthful Trainee Status,0.0851063829787234
346d754e93274e83bfa8e73e0c651b1d,2d7ac948d58747e3a0790b9239f0b788,Addendum to Protected Personal Identifying Information,0.075
346d754e93274e83bfa8e73e0c651b1d,5e8a67dd7053402186f9ca158a1b0619,Advice of Rights after Order Terminating Parental Rights (Juvenile Code),0.10526315789473684
346d754e93274e83bfa8e73e0c651b1d,771173f999a84897ac463ff96b0e2426,"Affidavit and Claim, Small Claims",0.12403100775193798
346d754e93274e83bfa8e73e0c651b1d,817ed149d5cd4270b06c5cbeac84aa6c,Answer to Complaint to Recover Possession of Property,0.9791666666666666
346d754e93274e83bfa8e73e0c651b1d,f3b03706d83e4c08b4f178da7d0c6bef,"Appeal of Suspension, Revocation, or Denial of Driver’s License",0.13846153846153847
346d754e93274e83bfa8e73e0c651b1d,155c0c343a5f456fb99945fa5759913f,Notice Regarding Eligibility for Early Discharge From Probation,0.09523809523809523
346d754e93274e83bfa8e73e0c651b1d,ff52ad38fb624afaa317c72a092197de,"Complaint, Claim and Delivery",0.13559322033898305
346d754e93274e83bfa8e73e0c651b1d,8e9a260e9a904dd49e98257c383eeafb,Claim of Interest on Vehicle Seized for Forfeiture,0.14492753623188406
346d754e93274e83bfa8e73e0c651b1d,8026f3a8e28541d8a8bfcc5e3ca8c7d2,Petition to Discontinue Sex Offender Registration,0.08
346d754e93274e83bfa8e73e0c651b1d,0b73aa63f8334a5aab77e4ad111ae9f2,"Commitment Order, Not Guilty by Reason of Insanity",0.1095890410958904
57f56df055254cde9ecd9ce217b9dca3,346d754e93274e83bfa8e73e0c651b1d,Answer to Complaint to Recover Possession of Property,0.013888888888888888
57f56df055254cde9ecd9ce217b9dca3,92df7834768f4510968315422054e74e,Motion and Order for Discharge From Probation,0.014492753623188406
57f56df055254cde9ecd9ce217b9dca3,4dc487b22c6e4c5b9e7115911268f7ed,Binding Arbitration Award,0.0
57f56df055254cde9ecd9ce217b9dca3,466555b870654b678b1ea30729f69f23,Order on Petition to Discontinue Sex Offender Registration,0.01818181818181818
57f56df055254cde9ecd9ce217b9dca3,c1d467021d4e4a0b8586dfc74a9b03e8,Assignment to Youthful Trainee Status,0.0125
57f56df055254cde9ecd9ce217b9dca3,2d7ac948d58747e3a0790b9239f0b788,Addendum to Protected Personal Identifying Information,0.015625
57f56df055254cde9ecd9ce217b9dca3,5e8a67dd7053402186f9ca158a1b0619,Advice of Rights after Order Terminating Parental Rights (Juvenile Code),0.06779661016949153
57f56df055254cde9ecd9ce217b9dca3,771173f999a84897ac463ff96b0e2426,"Affidavit and Claim, Small Claims",0.008130081300813009
57f56df055254cde9ecd9ce217b9dca3,817ed149d5cd4270b06c5cbeac84aa6c,Answer to Complaint to Recover Possession of Property,0.0136986301369863
57f56df055254cde9ecd9ce217b9dca3,f3b03706d83e4c08b4f178da7d0c6bef,"Appeal of Suspension, Revocation, or Denial of Driver’s License",0.019230769230769232
57f56df055254cde9ecd9ce217b9dca3,155c0c343a5f456fb99945fa5759913f,Notice Regarding Eligibility for Early Discharge From Probation,0.02127659574468085
57f56df055254cde9ecd9ce217b9dca3,ff52ad38fb624afaa317c72a092197de,"Complaint, Claim and Delivery",0.022222222222222223
57f56df055254cde9ecd9ce217b9dca3,8e9a260e9a904dd49e98257c383eeafb,Claim of Interest on Vehicle Seized for Forfeiture,0.05454545454545454
57f56df055254cde9ecd9ce217b9dca3,8026f3a8e28541d8a8bfcc5e3ca8c7d2,Petition to Discontinue Sex Offender Registration,0.01694915254237288
57f56df055254cde9ecd9ce217b9dca3,0b73aa63f8334a5aab77e4ad111ae9f2,"Commitment Order, Not Guilty by Reason of Insanity",0.01694915254237288
92df7834768f4510968315422054e74e,346d754e93274e83bfa8e73e0c651b1d,Answer to Complaint to Recover Possession of Property,0.12345679012345678
92df7834768f4510968315422054e74e,4dc487b22c6e4c5b9e7115911268f7ed,Binding Arbitration Award,0.049019607843137254
92df7834768f4510968315422054e74e,466555b870654b678b1ea30729f69f23,Order on Petition to Discontinue Sex Offender Registration,0.1935483870967742
92df7834768f4510968315422054e74e,c1d467021d4e4a0b8586dfc74a9b03e8,Assignment to Youthful Trainee Status,0.1511627906976744
92df7834768f4510968315422054e74e,2d7ac948d58747e3a0790b9239f0b788,Addendum to Protected Personal Identifying Information,0.09210526315789473
92df7834768f4510968315422054e74e,5e8a67dd7053402186f9ca158a1b0619,Advice of Rights after Order Terminating Parental Rights (Juvenile Code),0.1095890410958904
92df7834768f4510968315422054e74e,771173f999a84897ac463ff96b0e2426,"Affidavit and Claim, Small Claims",0.08396946564885496
92df7834768f4510968315422054e74e,817ed149d5cd4270b06c5cbeac84aa6c,Answer to Complaint to Recover Possession of Property,0.12195121951219512
92df7834768f4510968315422054e74e,f3b03706d83e4c08b4f178da7d0c6bef,"Appeal of Suspension, Revocation, or Denial of Driver’s License",0.12698412698412698
92df7834768f4510968315422054e74e,155c0c343a5f456fb99945fa5759913f,Notice Regarding Eligibility for Early Discharge From Probation,0.24528301886792453
92df7834768f4510968315422054e74e,ff52ad38fb624afaa317c72a092197de,"Complaint, Claim and Delivery",0.12280701754385964
92df7834768f4510968315422054e74e,8e9a260e9a904dd49e98257c383eeafb,Claim of Interest on Vehicle Seized for Forfeiture,0.22580645161290322
92df7834768f4510968315422054e74e,8026f3a8e28541d8a8bfcc5e3ca8c7d2,Petition to Discontinue Sex Offender Registration,0.11428571428571428
92df7834768f4510968315422054e74e,0b73aa63f8334a5aab77e4ad111ae9f2,"Commitment Order, Not Guilty by Reason of Insanity",0.2
79bda242486243a5ba8e6496b4e80305,346d754e93274e83bfa8e73e0c651b1d,Answer to Complaint to Recover Possession of Property,0.0
79bda242486243a5ba8e6496b4e80305,92df7834768f4510968315422054e74e,Motion and Order for Discharge From Probation,0.0
79bda242486243a5ba8e6496b4e80305,4dc487b22c6e4c5b9e7115911268f7ed,Binding Arbitration Award,0.09411764705882353
79bda242486243a5ba8e6496b4e80305,466555b870654b678b1ea30729f69f23,Order on Petition to Discontinue Sex Offender Registration,0.0
79bda242486243a5ba8e6496b4e80305,c1d467021d4e4a0b8586dfc74a9b03e8,Assignment to Youthful Trainee Status,0.011904761904761904
79bda242486243a5ba8e6496b4e80305,2d7ac948d58747e3a0790b9239f0b788,Addendum to Protected Personal Identifying Information,0.0
79bda242486243a5ba8e6496b4e80305,5e8a67dd7053402186f9ca158a1b0619,Advice of Rights after Order Terminating Parental Rights (Juvenile Code),0.0
79bda242486243a5ba8e6496b4e80305,771173f999a84897ac463ff96b0e2426,"Affidavit and Claim, Small Claims",0.0
79bda242486243a5ba8e6496b4e80305,817ed149d5cd4270b06c5cbeac84aa6c,Answer to Complaint to Recover Possession of Property,0.0
79bda242486243a5ba8e6496b4e80305,f3b03706d83e4c08b4f178da7d0c6bef,"Appeal of Suspension, Revocation, or Denial of Driver’s License",0.0
79bda242486243a5ba8e6496b4e80305,155c0c343a5f456fb99945fa5759913f,Notice Regarding Eligibility for Early Discharge From Probation,0.0
79bda242486243a5ba8e6496b4e80305,ff52ad38fb624afaa317c72a092197de,"Complaint, Claim and Delivery",0.0
79bda242486243a5ba8e6496b4e80305,8e9a260e9a904dd49e98257c383eeafb,Claim of Interest on Vehicle Seized for Forfeiture,0.0
79bda242486243a5ba8e6496b4e80305,8026f3a8e28541d8a8bfcc5e3ca8c7d2,Petition to Discontinue Sex Offender Registration,0.0
79bda242486243a5ba8e6496b4e80305,0b73aa63f8334a5aab77e4ad111ae9f2,"Commitment Order, Not Guilty by Reason of Insanity",0.0
e5e3527acd804e7581f86e14fd41f86c,346d754e93274e83bfa8e73e0c651b1d,Answer to Complaint to Recover Possession of Property,0.03125
e5e3527acd804e7581f86e14fd41f86c,92df7834768f4510968315422054e74e,Motion and Order for Discharge From Probation,0.016129032258064516
e5e3527acd804e7581f86e14fd41f86c,4dc487b22c6e4c5b9e7115911268f7ed,Binding Arbitration Award,0.012345679012345678
e5e3527acd804e7581f86e14fd41f86c,466555b870654b678b1ea30729f69f23,Order on Petition to Discontinue Sex Offender Registration,0.0425531914893617
e5e3527acd804e7581f86e14fd41f86c,c1d467021d4e4a0b8586dfc74a9b03e8,Assignment to Youthful Trainee Status,0.027777777777777776
e5e3527acd804e7581f86e14fd41f86c,2d7ac948d58747e3a0790b9239f0b788,Addendum to Protected Personal Identifying Information,0.017543859649122806
e5e3527acd804e7581f86e14fd41f86c,5e8a67dd7053402186f9ca158a1b0619,Advice of Rights after Order Terminating Parental Rights (Juvenile Code),0.05660377358490566
e5e3527acd804e7581f86e14fd41f86c,771173f999a84897ac463ff96b0e2426,"Affidavit and Claim, Small Claims",0.035398230088495575
e5e3527acd804e7581f86e14fd41f86c,817ed149d5cd4270b06c5cbeac84aa6c,Answer to Complaint to Recover Possession of Property,0.03076923076923077
e5e3527acd804e7581f86e14fd41f86c,f3b03706d83e4c08b4f178da7d0c6bef,"Appeal of Suspension, Revocation, or Denial of Driver’s License",0.06976744186046512
e5e3527acd804e7581f86e14fd41f86c,155c0c343a5f456fb99945fa5759913f,Notice Regarding Eligibility for Early Discharge From Probation,0.0
e5e3527acd804e7581f86e14fd41f86c,ff52ad38fb624afaa317c72a092197de,"Complaint, Claim and Delivery",0.02631578947368421
e5e3527acd804e7581f86e14fd41f86c,8e9a260e9a904dd49e98257c383eeafb,Claim of Interest on Vehicle Seized for Forfeiture,0.0625
e5e3527acd804e7581f86e14fd41f86c,8026f3a8e28541d8a8bfcc5e3ca8c7d2,Petition to Discontinue Sex Offender Registration,0.019230769230769232
e5e3527acd804e7581f86e14fd41f86c,0b73aa63f8334a5aab77e4ad111ae9f2,"Commitment Order, Not Guilty by Reason of Insanity",0.06
2e7026e651ec49cdbdb0fc12c6e5322b,346d754e93274e83bfa8e73e0c651b1d,Answer to Complaint to Recover Possession of Property,0.0
2e7026e651ec49cdbdb0fc12c6e5322b,92df7834768f4510968315422054e74e,Motion and Order for Discharge From Probation,0.013157894736842105
2e7026e651ec49cdbdb0fc12c6e5322b,4dc487b22c6e4c5b9e7115911268f7ed,Binding Arbitration Award,0.06666666666666667
2e7026e651ec49cdbdb0fc12c6e5322b,466555b870654b678b1ea30729f69f23,Order on Petition to Discontinue Sex Offender Registration,0.0
2e7026e651ec49cdbdb0fc12c6e5322b,c1d467021d4e4a0b8586dfc74a9b03e8,Assignment to Youthful Trainee Status,0.011494252873563218
2e7026e651ec49cdbdb0fc12c6e5322b,2d7ac948d58747e3a0790b9239f0b788,Addendum to Protected Personal Identifying Information,0.0
2e7026e651ec49cdbdb0fc12c6e5322b,5e8a67dd7053402186f9ca158a1b0619,Advice of Rights after Order Terminating Parental Rights (Juvenile Code),0.0
2e7026e651ec49cdbdb0fc12c6e5322b,771173f999a84897ac463ff96b0e2426,"Affidavit and Claim, Small Claims",0.015503875968992248
2e7026e651ec49cdbdb0fc12c6e5322b,817ed149d5cd4270b06c5cbeac84aa6c,Answer to Complaint to Recover Possession of Property,0.0
2e7026e651ec49cdbdb0fc12c6e5322b,f3b03706d83e4c08b4f178da7d0c6bef,"Appeal of Suspension, Revocation, or Denial of Driver’s License",0.0
2e7026e651ec49cdbdb0fc12c6e5322b,155c0c343a5f456fb99945fa5759913f,Notice Regarding Eligibility for Early Discharge From Probation,0.0
2e7026e651ec49cdbdb0fc12c6e5322b,ff52ad38fb624afaa317c72a092197de,"Complaint, Claim and Delivery",0.0
2e7026e651ec49cdbdb0fc12c6e5322b,8e9a260e9a904dd49e98257c383eeafb,Claim of Interest on Vehicle Seized for Forfeiture,0.0
2e7026e651ec49cdbdb0fc12c6e5322b,8026f3a8e28541d8a8bfcc5e3ca8c7d2,Petition to Discontinue Sex Offender Registration,0.0
2e7026e651ec49cdbdb0fc12c6e5322b,0b73aa63f8334a5aab77e4ad111ae9f2,"Commitment Order, Not Guilty by Reason of Insanity",0.0
eba8650fd6f24b7990f5678e34671dca,346d754e93274e83bfa8e73e0c651b1d,Answer to Complaint to Recover Possession of Property,0.14545454545454545
eba8650fd6f24b7990f5678e34671dca,92df7834768f4510968315422054e74e,Motion and Order for Discharge From Probation,0.09090909090909091
eba8650fd6f24b7990f5678e34671dca,4dc487b22c6e4c5b9e7115911268f7ed,Binding Arbitration Award,0.0
eba8650fd6f24b7990f5678e34671dca,466555b870654b678b1ea30729f69f23,Order on Petition to Discontinue Sex Offender Registration,0.15
eba8650fd6f24b7990f5678e34671dca,c1d467021d4e4a0b8586dfc74a9b03e8,Assignment to Youthful Trainee Status,0.09230769230769231
eba8650fd6f24b7990f5678e34671dca,2d7ac948d58747e3a0790b9239f0b788,Addendum to Protected Personal Identifying Information,0.0784313725490196
eba8650fd6f24b7990f5678e34671dca,5e8a67dd7053402186f9ca158a1b0619,Advice of Rights after Order Terminating Parental Rights (Juvenile Code),0.1276595744680851
eba8650fd6f24b7990f5678e34671dca,771173f999a84897ac463ff96b0e2426,"Affidavit and Claim, Small Claims",0.06542056074766354
eba8650fd6f24b7990f5678e34671dca,817ed149d5cd4270b06c5cbeac84aa6c,Answer to Complaint to Recover Possession of Property,0.14285714285714285
eba8650fd6f24b7990f5678e34671dca,f3b03706d83e4c08b4f178da7d0c6bef,"Appeal of Suspension, Revocation, or Denial of Driver’s License",0.19444444444444445
eba8650fd6f24b7990f5678e34671dca,155c0c343a5f456fb99945fa5759913f,Notice Regarding Eligibility for Early Discharge From Probation,0.15151515151515152
eba8650fd6f24b7990f5678e34671dca,ff52ad38fb624afaa317c72a092197de,"Complaint, Claim and Delivery",0.2857142857142857
eba8650fd6f24b7990f5678e34671dca,8e9a260e9a904dd49e98257c383eeafb,Claim of Interest on Vehicle Seized for Forfeiture,0.11627906976744186
eba8650fd6f24b7990f5678e34671dca,8026f3a8e28541d8a8bfcc5e3ca8c7d2,Petition to Discontinue Sex Offender Registration,0.08695652173913043
eba8650fd6f24b7990f5678e34671dca,0b73aa63f8334a5aab77e4ad111ae9f2,"Commitment Order, Not Guilty by Reason of Insanity",0.19047619047619047
618f7e9a1a704401a9ea590f16b79dae,346d754e93274e83bfa8e73e0c651b1d,Answer to Complaint to Recover Possession of Property,0.18181818181818182
618f7e9a1a704401a9ea590f16b79dae,92df7834768f4510968315422054e74e,Motion and Order for Discharge From Probation,0.10714285714285714
618f7e9a1a704401a9ea590f16b79dae,4dc487b22c6e4c5b9e7115911268f7ed,Binding Arbitration Award,0.0125
618f7e9a1a704401a9ea590f16b79dae,466555b870654b678b1ea30729f69f23,Order on Petition to Discontinue Sex Offender Registration,0.17073170731707318
618f7e9a1a704401a9ea590f16b79dae,c1d467021d4e4a0b8586dfc74a9b03e8,Assignment to Youthful Trainee Status,0.08955223880597014
618f7e9a1a704401a9ea590f16b79dae,2d7ac948d58747e3a0790b9239f0b788,Addendum to Protected Personal Identifying Information,0.11764705882352941
618f7e9a1a704401a9ea590f16b79dae,5e8a67dd7053402186f9ca158a1b0619,Advice of Rights after Order Terminating Parental Rights (Juvenile Code),0.1702127659574468
618f7e9a1a704401a9ea590f16b79dae,771173f999a84897ac463ff96b0e2426,"Affidavit and Claim, Small Claims",0.09433962264150944
618f7e9a1a704401a9ea590f16b79dae,817ed149d5cd4270b06c5cbeac84aa6c,Answer to Complaint to Recover Possession of Property,0.17857142857142858
618f7e9a1a704401a9ea590f16b79dae,f3b03706d83e4c08b4f178da7d0c6bef,"Appeal of Suspension, Revocation, or Denial of Driver’s License",0.18421052631578946
618f7e9a1a704401a9ea590f16b79dae,155c0c343a5f456fb99945fa5759913f,Notice Regarding Eligibility for Early Discharge From Probation,0.1111111111111111
618f7e9a1a704401a9ea590f16b79dae,ff52ad38fb624afaa317c72a092197de,"Complaint, Claim and Delivery",0.22580645161290322
618f7e9a1a704401a9ea590f16b79dae,8e9a260e9a904dd49e98257c383eeafb,Claim of Interest on Vehicle Seized for Forfeiture,0.25
618f7e9a1a704401a9ea590f16b79dae,8026f3a8e28541d8a8bfcc5e3ca8c7d2,Petition to Discontinue Sex Offender Registration,0.10638297872340426
618f7e9a1a704401a9ea590f16b79dae,0b73aa63f8334a5aab77e4ad111ae9f2,"Commitment Order, Not Guilty by Reason of Insanity",0.15555555555555556
8c92840f217849f3a1f04b9ee8298d4e,346d754e93274e83bfa8e73e0c651b1d,Answer to Complaint to Recover Possession of Property,0.10294117647058823
8c92840f217849f3a1f04b9ee8298d4e,92df7834768f4510968315422054e74e,Motion and Order for Discharge From Probation,0.058823529411764705
8c92840f217849f3a1f04b9ee8298d4e,4dc487b22c6e4c5b9e7115911268f7ed,Binding Arbitration Award,0.0
8c92840f217849f3a1f04b9ee8298d4e,466555b870654b678b1ea30729f69f23,Order on Petition to Discontinue Sex Offender Registration,0.07407407407407407
8c92840f217849f3a1f04b9ee8298d4e,c1d467021d4e4a0b8586dfc74a9b03e8,Assignment to Youthful Trainee Status,0.0375
8c92840f217849f3a1f04b9ee8298d4e,2d7ac948d58747e3a0790b9239f0b788,Addendum to Protected Personal Identifying Information,0.046875
8c92840f217849f3a1f04b9ee8298d4e,5e8a67dd7053402186f9ca158a1b0619,Advice of Rights after Order Terminating Parental Rights (Juvenile Code),0.1206896551724138
8c92840f217849f3a1f04b9ee8298d4e,771173f999a84897ac463ff96b0e2426,"Affidavit and Claim, Small Claims",0.08620689655172414
8c92840f217849f3a1f04b9ee8298d4e,817ed149d5cd4270b06c5cbeac84aa6c,Answer to Complaint to Recover Possession of Property,0.10144927536231885
8c92840f217849f3a1f04b9ee8298d4e,f3b03706d83e4c08b4f178da7d0c6bef,"Appeal of Suspension, Revocation, or Denial of Driver’s License",0.0784313725490196
8c92840f217849f3a1f04b9ee8298d4e,155c0c343a5f456fb99945fa5759913f,Notice Regarding Eligibility for Early Discharge From Probation,0.06382978723404255
8c92840f217849f3a1f04b9ee8298d4e,ff52ad38fb624afaa317c72a092197de,"Complaint, Claim and Delivery",0.09090909090909091
8c92840f217849f3a1f04b9ee8298d4e,8e9a260e9a904dd49e98257c383eeafb,Claim of Interest on Vehicle Seized for Forfeiture,0.05263157894736842
8c92840f217849f3a1f04b9ee8298d4e,8026f3a8e28541d8a8bfcc5e3ca8c7d2,Petition to Discontinue Sex Offender Registration,0.01639344262295082
8c92840f217849f3a1f04b9ee8298d4e,0b73aa63f8334a5aab77e4ad111ae9f2,"Commitment Order, Not Guilty by Reason of Insanity",0.08771929824561403
4dc487b22c6e4c5b9e7115911268f7ed,346d754e93274e83bfa8e73e0c651b1d,Answer to Complaint to Recover Possession of Property,0.047619047619047616
4dc487b22c6e4c5b9e7115911268f7ed,92df7834768f4510968315422054e74e,Motion and Order for Discharge From Probation,0.049019607843137254
4dc487b22c6e4c5b9e7115911268f7ed,466555b870654b678b1ea30729f69f23,Order on Petition to Discontinue Sex Offender Registration,0.02197802197802198
4dc487b22c6e4c5b9e7115911268f7ed,c1d467021d4e4a0b8586dfc74a9b03e8,Assignment to Youthful Trainee Status,0.03508771929824561
4dc487b22c6e4c5b9e7115911268f7ed,2d7ac948d58747e3a0790b9239f0b788,Addendum to Protected Personal Identifying Information,0.02
4dc487b22c6e4c5b9e7115911268f7ed,5e8a67dd7053402186f9ca158a1b0619,Advice of Rights after Order Terminating Parental Rights (Juvenile Code),0.030927835051546393
4dc487b22c6e4c5b9e7115911268f7ed,771173f999a84897ac463ff96b0e2426,"Affidavit and Claim, Small Claims",0.03205128205128205
4dc487b22c6e4c5b9e7115911268f7ed,817ed149d5cd4270b06c5cbeac84aa6c,Answer to Complaint to Recover Possession of Property,0.04716981132075472
4dc487b22c6e4c5b9e7115911268f7ed,f3b03706d83e4c08b4f178da7d0c6bef,"Appeal of Suspension, Revocation, or Denial of Driver’s License",0.034482758620689655
4dc487b22c6e4c5b9e7115911268f7ed,155c0c343a5f456fb99945fa5759913f,Notice Regarding Eligibility for Early Discharge From Probation,0.024096385542168676
4dc487b22c6e4c5b9e7115911268f7ed,ff52ad38fb624afaa317c72a092197de,"Complaint, Claim and Delivery",0.024691358024691357
4dc487b22c6e4c5b9e7115911268f7ed,8e9a260e9a904dd49e98257c383eeafb,Claim of Interest on Vehicle Seized for Forfeiture,0.05555555555555555
4dc487b22c6e4c5b9e7115911268f7ed,8026f3a8e28541d8a8bfcc5e3ca8c7d2,Petition to Discontinue Sex Offender Registration,0.021052631578947368
4dc487b22c6e4c5b9e7115911268f7ed,0b73aa63f8334a5aab77e4ad111ae9f2,"Commitment Order, Not Guilty by Reason of Insanity",0.021052631578947368
466555b870654b678b1ea30729f69f23,346d754e93274e83bfa8e73e0c651b1d,Answer to Complaint to Recover Possession of Property,0.11594202898550725
466555b870654b678b1ea30729f69f23,92df7834768f4510968315422054e74e,Motion and Order for Discharge From Probation,0.1935483870967742
466555b870654b678b1ea30729f69f23,4dc487b22c6e4c5b9e7115911268f7ed,Binding Arbitration Award,0.02197802197802198
466555b870654b678b1ea30729f69f23,c1d467021d4e4a0b8586dfc74a9b03e8,Assignment to Youthful Trainee Status,0.18055555555555555
466555b870654b678b1ea30729f69f23,2d7ac948d58747e3a0790b9239f0b788,Addendum to Protected Personal Identifying Information,0.11290322580645161
466555b870654b678b1ea30729f69f23,5e8a67dd7053402186f9ca158a1b0619,Advice of Rights after Order Terminating Parental Rights (Juvenile Code),0.13559322033898305
466555b870654b678b1ea30729f69f23,771173f999a84897ac463ff96b0e2426,"Affidavit and Claim, Small Claims",0.07563025210084033
466555b870654b678b1ea30729f69f23,817ed149d5cd4270b06c5cbeac84aa6c,Answer to Complaint to Recover Possession of Property,0.11428571428571428
466555b870654b678b1ea30729f69f23,f3b03706d83e4c08b4f178da7d0c6bef,"Appeal of Suspension, Revocation, or Denial of Driver’s License",0.16326530612244897
466555b870654b678b1ea30729f69f23,155c0c343a5f456fb99945fa5759913f,Notice Regarding Eligibility for Early Discharge From Probation,0.2682926829268293
466555b870654b678b1ea30729f69f23,ff52ad38fb624afaa317c72a092197de,"Complaint, Claim and Delivery",0.19047619047619047
466555b870654b678b1ea30729f69f23,8e9a260e9a904dd49e98257c383eeafb,Claim of Interest on Vehicle Seized for Forfeiture,0.21568627450980393
466555b870654b678b1ea30729f69f23,8026f3a8e28541d8a8bfcc5e3ca8c7d2,Petition to Discontinue Sex Offender Registration,0.23076923076923078
466555b870654b678b1ea30729f69f23,0b73aa63f8334a5aab77e4ad111ae9f2,"Commitment Order, Not Guilty by Reason of Insanity",0.30612244897959184
99a12e3dc82d48a1a7e355f04c737567,346d754e93274e83bfa8e73e0c651b1d,Answer to Complaint to Recover Possession of Property,0.07462686567164178
99a12e3dc82d48a1a7e355f04c737567,92df7834768f4510968315422054e74e,Motion and Order for Discharge From Probation,0.078125
99a12e3dc82d48a1a7e355f04c737567,4dc487b22c6e4c5b9e7115911268f7ed,Binding Arbitration Award,0.0
99a12e3dc82d48a1a7e355f04c737567,466555b870654b678b1ea30729f69f23,Order on Petition to Discontinue Sex Offender Registration,0.12244897959183673
99a12e3dc82d48a1a7e355f04c737567,c1d467021d4e4a0b8586dfc74a9b03e8,Assignment to Youthful Trainee Status,0.06666666666666667
99a12e3dc82d48a1a7e355f04c737567,2d7ac948d58747e3a0790b9239f0b788,Addendum to Protected Personal Identifying Information,0.06666666666666667
99a12e3dc82d48a1a7e355f04c737567,5e8a67dd7053402186f9ca158a1b0619,Advice of Rights after Order Terminating Parental Rights (Juvenile Code),0.12727272727272726
99a12e3dc82d48a1a7e355f04c737567,771173f999a84897ac463ff96b0e2426,"Affidavit and Claim, Small Claims",0.08849557522123894
99a12e3dc82d48a1a7e355f04c737567,817ed149d5cd4270b06c5cbeac84aa6c,Answer to Complaint to Recover Possession of Property,0.07352941176470588
99a12e3dc82d48a1a7e355f04c737567,f3b03706d83e4c08b4f178da7d0c6bef,"Appeal of Suspension, Revocation, or Denial of Driver’s License",0.10638297872340426
99a12e3dc82d48a1a7e355f04c737567,155c0c343a5f456fb99945fa5759913f,Notice Regarding Eligibility for Early Discharge From Probation,0.09302325581395349
99a12e3dc82d48a1a7e355f04c737567,ff52ad38fb624afaa317c72a092197de,"Complaint, Claim and Delivery",0.15384615384615385
99a12e3dc82d48a1a7e355f04c737567,8e9a260e9a904dd49e98257c383eeafb,Claim of Interest on Vehicle Seized for Forfeiture,0.1875
99a12e3dc82d48a1a7e355f04c737567,8026f3a8e28541d8a8bfcc5e3ca8c7d2,Petition to Discontinue Sex Offender Registration,0.07272727272727272
99a12e3dc82d48a1a7e355f04c737567,0b73aa63f8334a5aab77e4ad111ae9f2,"Commitment Order, Not Guilty by Reason of Insanity",0.1568627450980392
e74b40b7d9a0405eba69342564ecdb98,346d754e93274e83bfa8e73e0c651b1d,Answer to Complaint to Recover Possession of Property,0.0
e74b40b7d9a0405eba69342564ecdb98,92df7834768f4510968315422054e74e,Motion and Order for Discharge From Probation,0.0
e74b40b7d9a0405eba69342564ecdb98,4dc487b22c6e4c5b9e7115911268f7ed,Binding Arbitration Award,0.09333333333333334
e74b40b7d9a0405eba69342564ecdb98,466555b870654b678b1ea30729f69f23,Order on Petition to Discontinue Sex Offender Registration,0.0
e74b40b7d9a0405eba69342564ecdb98,c1d467021d4e4a0b8586dfc74a9b03e8,Assignment to Youthful Trainee Status,0.0136986301369863
e74b40b7d9a0405eba69342564ecdb98,2d7ac948d58747e3a0790b9239f0b788,Addendum to Protected Personal Identifying Information,0.0
e74b40b7d9a0405eba69342564ecdb98,5e8a67dd7053402186f9ca158a1b0619,Advice of Rights after Order Terminating Parental Rights (Juvenile Code),0.0
e74b40b7d9a0405eba69342564ecdb98,771173f999a84897ac463ff96b0e2426,"Affidavit and Claim, Small Claims",0.0
e74b40b7d9a0405eba69342564ecdb98,817ed149d5cd4270b06c5cbeac84aa6c,Answer to Complaint to Recover Possession of Property,0.0
e74b40b7d9a0405eba69342564ecdb98,f3b03706d83e4c08b4f178da7d0c6bef,"Appeal of Suspension, Revocation, or Denial of Driver’s License",0.0
e74b40b7d9a0405eba69342564ecdb98,155c0c343a5f456fb99945fa5759913f,Notice Regarding Eligibility for Early Discharge From Probation,0.0
e74b40b7d9a0405eba69342564ecdb98,ff52ad38fb624afaa317c72a092197de,"Complaint, Claim and Delivery",0.0
e74b40b7d9a0405eba69342564ecdb98,8e9a260e9a904dd49e98257c383eeafb,Claim of Interest on Vehicle Seized for Forfeiture,0.0
e74b40b7d9a0405eba69342564ecdb98,8026f3a8e28541d8a8bfcc5e3ca8c7d2,Petition to Discontinue Sex Offender Registration,0.0
e74b40b7d9a0405eba69342564ecdb98,0b73aa63f8334a5aab77e4ad111ae9f2,"Commitment Order, Not Guilty by Reason of Insanity",0.0
c1d467021d4e4a0b8586dfc74a9b03e8,346d754e93274e83bfa8e73e0c651b1d,Answer to Complaint to Recover Possession of Property,0.0851063829787234
c1d467021d4e4a0b8586dfc74a9b03e8,92df7834768f4510968315422054e74e,Motion and Order for Discharge From Probation,0.1511627906976744
c1d467021d4e4a0b8586dfc74a9b03e8,4dc487b22c6e4c5b9e7115911268f7ed,Binding Arbitration Award,0.03508771929824561
c1d467021d4e4a0b8586dfc74a9b03e8,466555b870654b678b1ea30729f69f23,Order on Petition to Discontinue Sex Offender Registration,0.18055555555555555
c1d467021d4e4a0b8586dfc74a9b03e8,2d7ac948d58747e3a0790b9239f0b788,Addendum to Protected Personal Identifying Information,0.09302325581395349
c1d467021d4e4a0b8586dfc74a9b03e8,5e8a67dd7053402186f9ca158a1b0619,Advice of Rights after Order Terminating Parental Rights (Juvenile Code),0.09523809523809523
c1d467021d4e4a0b8586dfc74a9b03e8,771173f999a84897ac463ff96b0e2426,"Affidavit and Claim, Small Claims",0.0625
c1d467021d4e4a0b8586dfc74a9b03e8,817ed149d5cd4270b06c5cbeac84aa6c,Answer to Complaint to Recover Possession of Property,0.08421052631578947
c1d467021d4e4a0b8586dfc74a9b03e8,f3b03706d83e4c08b4f178da7d0c6bef,"Appeal of Suspension, Revocation, or Denial of Driver’s License",0.10810810810810811
c1d467021d4e4a0b8586dfc74a9b03e8,155c0c343a5f456fb99945fa5759913f,Notice Regarding Eligibility for Early Discharge From Probation,0.203125
c1d467021d4e4a0b8586dfc74a9b03e8,ff52ad38fb624afaa317c72a092197de,"Complaint, Claim and Delivery",0.11940298507462686
c1d467021d4e4a0b8586dfc74a9b03e8,8e9a260e9a904dd49e98257c383eeafb,Claim of Interest on Vehicle Seized for Forfeiture,0.14473684210526316
c1d467021d4e4a0b8586dfc74a9b03e8,8026f3a8e28541d8a8bfcc5e3ca8c7d2,Petition to Discontinue Sex Offender Registration,0.12658227848101267
c1d467021d4e4a0b8586dfc74a9b03e8,0b73aa63f8334a5aab77e4ad111ae9f2,"Commitment Order, Not Guilty by Reason of Insanity",0.36923076923076925
111cdc811c1a4c67b4a7ac783163565e,346d754e93274e83bfa8e73e0c651b1d,Answer to Complaint to Recover Possession of Property,0.037037037037037035
111cdc811c1a4c67b4a7ac783163565e,92df7834768f4510968315422054e74e,Motion and Order for Discharge From Probation,0.0392156862745098
111cdc811c1a4c67b4a7ac783163565e,4dc487b22c6e4c5b9e7115911268f7ed,Binding Arbitration Award,0.0
111cdc811c1a4c67b4a7ac783163565e,466555b870654b678b1ea30729f69f23,Order on Petition to Discontinue Sex Offender Registration,0.05405405405405406
111cdc811c1a4c67b4a7ac783163565e,c1d467021d4e4a0b8586dfc74a9b03e8,Assignment to Youthful Trainee Status,0.015873015873015872
111cdc811c1a4c67b4a7ac783163565e,2d7ac948d58747e3a0790b9239f0b788,Addendum to Protected Personal Identifying Information,0.02127659574468085
111cdc811c1a4c67b4a7ac783163565e,5e8a67dd7053402186f9ca158a1b0619,Advice of Rights after Order Terminating Parental Rights (Juvenile Code),0.06976744186046512
111cdc811c1a4c67b4a7ac783163565e,771173f999a84897ac463ff96b0e2426,"Affidavit and Claim, Small Claims",0.028846153846153848
111cdc811c1a4c67b4a7ac783163565e,817ed149d5cd4270b06c5cbeac84aa6c,Answer to Complaint to Recover Possession of Property,0.03636363636363636
111cdc811c1a4c67b4a7ac783163565e,f3b03706d83e4c08b4f178da7d0c6bef,"Appeal of Suspension, Revocation, or Denial of Driver’s License",0.125
111cdc811c1a4c67b4a7ac783163565e,155c0c343a5f456fb99945fa5759913f,Notice Regarding Eligibility for Early Discharge From Probation,0.03333333333333333
111cdc811c1a4c67b4a7ac783163565e,ff52ad38fb624afaa317c72a092197de,"Complaint, Claim and Delivery",0.03571428571428571
111cdc811c1a4c67b4a7ac783163565e,8e9a260e9a904dd49e98257c383eeafb,Claim of Interest on Vehicle Seized for Forfeiture,0.05128205128205128
111cdc811c1a4c67b4a7ac783163565e,8026f3a8e28541d8a8bfcc5e3ca8c7d2,Petition to Discontinue Sex Offender Registration,0.023809523809523808
111cdc811c1a4c67b4a7ac783163565e,0b73aa63f8334a5aab77e4ad111ae9f2,"Commitment Order, Not Guilty by Reason of Insanity",0.075
2d7ac948d58747e3a0790b9239f0b788,346d754e93274e83bfa8e73e0c651b1d,Answer to Complaint to Recover Possession of Property,0.075
2d7ac948d58747e3a0790b9239f0b788,92df7834768f4510968315422054e74e,Motion and Order for Discharge From Probation,0.09210526315789473
2d7ac948d58747e3a0790b9239f0b788,4dc487b22c6e4c5b9e7115911268f7ed,Binding Arbitration Award,0.02
2d7ac948d58747e3a0790b9239f0b788,466555b870654b678b1ea30729f69f23,Order on Petition to Discontinue Sex Offender Registration,0.11290322580645161
2d7ac948d58747e3a0790b9239f0b788,c1d467021d4e4a0b8586dfc74a9b03e8,Assignment to Youthful Trainee Status,0.09302325581395349
2d7ac948d58747e3a0790b9239f0b788,5e8a67dd7053402186f9ca158a1b0619,Advice of Rights after Order Terminating Parental Rights (Juvenile Code),0.07042253521126761
2d7ac948d58747e3a0790b9239f0b788,771173f999a84897ac463ff96b0e2426,"Affidavit and Claim, Small Claims",0.04580152671755725
2d7ac948d58747e3a0790b9239f0b788,817ed149d5cd4270b06c5cbeac84aa6c,Answer to Complaint to Recover Possession of Property,0.07407407407407407
2d7ac948d58747e3a0790b9239f0b788,f3b03706d83e4c08b4f178da7d0c6bef,"Appeal of Suspension, Revocation, or Denial of Driver’s License",0.1
2d7ac948d58747e3a0790b9239f0b788,155c0c343a5f456fb99945fa5759913f,Notice Regarding Eligibility for Early Discharge From Probation,0.08928571428571429
2d7ac948d58747e3a0790b9239f0b788,ff52ad38fb624afaa317c72a092197de,"Complaint, Claim and Delivery",0.11320754716981132
2d7ac948d58747e3a0790b9239f0b788,8e9a260e9a904dd49e98257c383eeafb,Claim of Interest on Vehicle Seized for Forfeiture,0.109375
2d7ac948d58747e3a0790b9239f0b788,8026f3a8e28541d8a8bfcc5e3ca8c7d2,Petition to Discontinue Sex Offender Registration,0.08955223880597014
2d7ac948d58747e3a0790b9239f0b788,0b73aa63f8334a5aab77e4ad111ae9f2,"Commitment Order, Not Guilty by Reason of Insanity",0.12307692307692308
60b4e1e1791147a0a9344e4477879507,346d754e93274e83bfa8e73e0c651b1d,Answer to Complaint to Recover Possession of Property,0.08928571428571429
60b4e1e1791147a0a9344e4477879507,92df7834768f4510968315422054e74e,Motion and Order for Discharge From Probation,0.09433962264150944
60b4e1e1791147a0a9344e4477879507,4dc487b22c6e4c5b9e7115911268f7ed,Binding Arbitration Award,0.013157894736842105
60b4e1e1791147a0a9344e4477879507,466555b870654b678b1ea30729f69f23,Order on Petition to Discontinue Sex Offender Registration,0.1282051282051282
60b4e1e1791147a0a9344e4477879507,c1d467021d4e4a0b8586dfc74a9b03e8,Assignment to Youthful Trainee Status,0.078125
60b4e1e1791147a0a9344e4477879507,2d7ac948d58747e3a0790b9239f0b788,Addendum to Protected Personal Identifying Information,0.08163265306122448
60b4e1e1791147a0a9344e4477879507,5e8a67dd7053402186f9ca158a1b0619,Advice of Rights after Order Terminating Parental Rights (Juvenile Code),0.21428571428571427
60b4e1e1791147a0a9344e4477879507,771173f999a84897ac463ff96b0e2426,"Affidavit and Claim, Small Claims",0.08737864077669903
60b4e1e1791147a0a9344e4477879507,817ed149d5cd4270b06c5cbeac84aa6c,Answer to Complaint to Recover Possession of Property,0.08771929824561403
60b4e1e1791147a0a9344e4477879507,f3b03706d83e4c08b4f178da7d0c6bef,"Appeal of Suspension, Revocation, or Denial of Driver’s License",0.17142857142857143
60b4e1e1791147a0a9344e4477879507,155c0c343a5f456fb99945fa5759913f,Notice Regarding Eligibility for Early Discharge From Probation,0.125
60b4e1e1791147a0a9344e4477879507,ff52ad38fb624afaa317c72a092197de,"Complaint, Claim and Delivery",0.1724137931034483
60b4e1e1791147a0a9344e4477879507,8e9a260e9a904dd49e98257c383eeafb,Claim of Interest on Vehicle Seized for Forfeiture,0.24324324324324326
60b4e1e1791147a0a9344e4477879507,8026f3a8e28541d8a8bfcc5e3ca8c7d2,Petition to Discontinue Sex Offender Registration,0.06666666666666667
60b4e1e1791147a0a9344e4477879507,0b73aa63f8334a5aab77e4ad111ae9f2,"Commitment Order, Not Guilty by Reason of Insanity",0.14285714285714285
5e8a67dd7053402186f9ca158a1b0619,346d754e93274e83bfa8e73e0c651b1d,Answer to Complaint to Recover Possession of Property,0.10526315789473684
5e8a67dd7053402186f9ca158a1b0619,92df7834768f4510968315422054e74e,Motion and Order for Discharge From Probation,0.1095890410958904
5e8a67dd7053402186f9ca158a1b0619,4dc487b22c6e4c5b9e7115911268f7ed,Binding Arbitration Award,0.030927835051546393
5e8a67dd7053402186f9ca158a1b0619,466555b870654b678b1ea30729f69f23,Order on Petition to Discontinue Sex Offender Registration,0.13559322033898305
5e8a67dd7053402186f9ca158a1b0619,c1d467021d4e4a0b8586dfc74a9b03e8,Assignment to Youthful Trainee Status,0.09523809523809523
5e8a67dd7053402186f9ca158a1b0619,2d7ac948d58747e3a0790b9239f0b788,Addendum to Protected Personal Identifying Information,0.07042253521126761
5e8a67dd7053402186f9ca158a1b0619,771173f999a84897ac463ff96b0e2426,"Affidavit and Claim, Small Claims",0.11570247933884298
5e8a67dd7053402186f9ca158a1b0619,817ed149d5cd4270b06c5cbeac84aa6c,Answer to Complaint to Recover Possession of Property,0.1038961038961039
5e8a67dd7053402186f9ca158a1b0619,f3b03706d83e4c08b4f178da7d0c6bef,"Appeal of Suspension, Revocation, or Denial of Driver’s License",0.16363636363636364
5e8a67dd7053402186f9ca158a1b0619,155c0c343a5f456fb99945fa5759913f,Notice Regarding Eligibility for Early Discharge From Probation,0.1346153846153846
5e8a67dd7053402186f9ca158a1b0619,ff52ad38fb624afaa317c72a092197de,"Complaint, Claim and Delivery",0.14
5e8a67dd7053402186f9ca158a1b0619,8e9a260e9a904dd49e98257c383eeafb,Claim of Interest on Vehicle Seized for Forfeiture,0.1694915254237288
5e8a67dd7053402186f9ca158a1b0619,8026f3a8e28541d8a8bfcc5e3ca8c7d2,Petition to Discontinue Sex Offender Registration,0.05970149253731343
5e8a67dd7053402186f9ca158a1b0619,0b73aa63f8334a5aab77e4ad111ae9f2,"Commitment Order, Not Guilty by Reason of Insanity",0.14516129032258066
93d1e15397f5407dbbb7ba812b3dc6ff,346d754e93274e83bfa8e73e0c651b1d,Answer to Complaint to Recover Possession of Property,0.11538461538461539
93d1e15397f5407dbbb7ba812b3dc6ff,92df7834768f4510968315422054e74e,Motion and Order for Discharge From Probation,0.12244897959183673
93d1e15397f5407dbbb7ba812b3dc6ff,4dc487b22c6e4c5b9e7115911268f7ed,Binding Arbitration Award,0.0136986301369863
93d1e15397f5407dbbb7ba812b3dc6ff,466555b870654b678b1ea30729f69f23,Order on Petition to Discontinue Sex Offender Registration,0.20588235294117646
93d1e15397f5407dbbb7ba812b3dc6ff,c1d467021d4e4a0b8586dfc74a9b03e8,Assignment to Youthful Trainee Status,0.11864406779661017
93d1e15397f5407dbbb7ba812b3dc6ff,2d7ac948d58747e3a0790b9239f0b788,Addendum to Protected Personal Identifying Information,0.1111111111111111
93d1e15397f5407dbbb7ba812b3dc6ff,5e8a67dd7053402186f9ca158a1b0619,Advice of Rights after Order Terminating Parental Rights (Juvenile Code),0.09090909090909091
93d1e15397f5407dbbb7ba812b3dc6ff,771173f999a84897ac463ff96b0e2426,"Affidavit and Claim, Small Claims",0.04807692307692308
93d1e15397f5407dbbb7ba812b3dc6ff,817ed149d5cd4270b06c5cbeac84aa6c,Answer to Complaint to Recover Possession of Property,0.11320754716981132
93d1e15397f5407dbbb7ba812b3dc6ff,f3b03706d83e4c08b4f178da7d0c6bef,"Appeal of Suspension, Revocation, or Denial of Driver’s License",0.15151515151515152
93d1e15397f5407dbbb7ba812b3dc6ff,155c0c343a5f456fb99945fa5759913f,Notice Regarding Eligibility for Early Discharge From Probation,0.17857142857142858
93d1e15397f5407dbbb7ba812b3dc6ff,ff52ad38fb624afaa317c72a092197de,"Complaint, Claim and Delivery",0.24
93d1e15397f5407dbbb7ba812b3dc6ff,8e9a260e9a904dd49e98257c383eeafb,Claim of Interest on Vehicle Seized for Forfeiture,0.16216216216216217
93d1e15397f5407dbbb7ba812b3dc6ff,8026f3a8e28541d8a8bfcc5e3ca8c7d2,Petition to Discontinue Sex Offender Registration,0.15384615384615385
93d1e15397f5407dbbb7ba812b3dc6ff,0b73aa63f8334a5aab77e4ad111ae9f2,"Commitment Order, Not Guilty by Reason of Insanity",0.18421052631578946
4919983396ab44e79c0b501a16d27818,346d754e93274e83bfa8e73e0c651b1d,Answer to Complaint to Recover Possession of Property,0.0
4919983396ab44e79c0b501a16d27818,92df7834768f4510968315422054e74e,Motion and Order for Discharge From Probation,0.0
4919983396ab44e79c0b501a16d27818,4dc487b22c6e4c5b9e7115911268f7ed,Binding Arbitration Award,0.027777777777777776
4919983396ab44e79c0b501a16d27818,466555b870654b678b1ea30729f69f23,Order on Petition to Discontinue Sex Offender Registration,0.0
4919983396ab44e79c0b501a16d27818,c1d467021d4e4a0b8586dfc74a9b03e8,Assignment to Youthful Trainee Status,0.015384615384615385
4919983396ab44e79c0b501a16d27818,2d7ac948d58747e3a0790b9239f0b788,Addendum to Protected Personal Identifying Information,0.0
4919983396ab44e79c0b501a16d27818,5e8a67dd7053402186f9ca158a1b0619,Advice of Rights after Order Terminating Parental Rights (Juvenile Code),0.0
4919983396ab44e79c0b501a16d27818,771173f999a84897ac463ff96b0e2426,"Affidavit and Claim, Small Claims",0.0
4919983396ab44e79c0b501a16d27818,817ed149d5cd4270b06c5cbeac84aa6c,Answer to Complaint to Recover Possession of Property,0.0
4919983396ab44e79c0b501a16d27818,f3b03706d83e4c08b4f178da7d0c6bef,"Appeal of Suspension, Revocation, or Denial of Driver’s License",0.0
4919983396ab44e79c0b501a16d27818,155c0c343a5f456fb99945fa5759913f,Notice Regarding Eligibility for Early Discharge From Probation,0.0
4919983396ab44e79c0b501a16d27818,ff52ad38fb624afaa317c72a092197de,"Complaint, Claim and Delivery",0.0
4919983396ab44e79c0b501a16d27818,8e9a260e9a904dd49e98257c383eeafb,Claim of Interest on Vehicle Seized for Forfeiture,0.0
4919983396ab44e79c0b501a16d27818,8026f3a8e28541d8a8bfcc5e3ca8c7d2,Petition to Discontinue Sex Offender Registration,0.0
4919983396ab44e79c0b501a16d27818,0b73aa63f8334a5aab77e4ad111ae9f2,"Commitment Order, Not Guilty by Reason of Insanity",0.0
72bf7091eb37479c9815a078c0871f53,346d754e93274e83bfa8e73e0c651b1d,Answer to Complaint to Recover Possession of Property,0.0
72bf7091eb37479c9815a078c0871f53,92df7834768f4510968315422054e74e,Motion and Order for Discharge From Probation,0.0
72bf7091eb37479c9815a078c0871f53,4dc487b22c6e4c5b9e7115911268f7ed,Binding Arbitration Award,0.06060606060606061
72bf7091eb37479c9815a078c0871f53,466555b870654b678b1ea30729f69f23,Order on Petition to Discontinue Sex Offender Registration,0.0
72bf7091eb37479c9815a078c0871f53,c1d467021d4e4a0b8586dfc74a9b03e8,Assignment to Youthful Trainee Status,0.01639344262295082
72bf7091eb37479c9815a078c0871f53,2d7ac948d58747e3a0790b9239f0b788,Addendum to Protected Personal Identifying Information,0.0
72bf7091eb37479c9815a078c0871f53,5e8a67dd7053402186f9ca158a1b0619,Advice of Rights after Order Terminating Parental Rights (Juvenile Code),0.0
72bf7091eb37479c9815a078c0871f53,771173f999a84897ac463ff96b0e2426,"Affidavit and Claim, Small Claims",0.0
72bf7091eb37479c9815a078c0871f53,817ed149d5cd4270b06c5cbeac84aa6c,Answer to Complaint to Recover Possession of Property,0.0
72bf7091eb37479c9815a078c0871f53,f3b03706d83e4c08b4f178da7d0c6bef,"Appeal of Suspension, Revocation, or Denial of Driver’s License",0.0
72bf7091eb37479c9815a078c0871f53,155c0c343a5f456fb99945fa5759913f,Notice Regarding Eligibility for Early Discharge From Probation,0.0
72bf7091eb37479c9815a078c0871f53,ff52ad38fb624afaa317c72a092197de,"Complaint, Claim and Delivery",0.0
72bf7091eb37479c9815a078c0871f53,8e9a260e9a904dd49e98257c383eeafb,Claim of Interest on Vehicle Seized for Forfeiture,0.0
72bf7091eb37479c9815a078c0871f53,8026f3a8e28541d8a8bfcc5e3ca8c7d2,Petition to Discontinue Sex Offender Registration,0.0
72bf7091eb37479c9815a078c0871f53,0b73aa63f8334a5aab77e4ad111ae9f2,"Commitment Order, Not Guilty by Reason of Insanity",0.0
5b6bfc53fbf143fba1c3073c9c139b36,346d754e93274e83bfa8e73e0c651b1d,Answer to Complaint to Recover Possession of Property,0.09803921568627451
5b6bfc53fbf143fba1c3073c9c139b36,92df7834768f4510968315422054e74e,Motion and Order for Discharge From Probation,0.08163265306122448
5b6bfc53fbf143fba1c3073c9c139b36,4dc487b22c6e4c5b9e7115911268f7ed,Binding Arbitration Award,0.0
5b6bfc53fbf143fba1c3073c9c139b36,466555b870654b678b1ea30729f69f23,Order on Petition to Discontinue Sex Offender Registration,0.11428571428571428
5b6bfc53fbf143fba1c3073c9c139b36,c1d467021d4e4a0b8586dfc74a9b03e8,Assignment to Youthful Trainee Status,0.04918032786885246
5b6bfc53fbf143fba1c3073c9c139b36,2d7ac948d58747e3a0790b9239f0b788,Addendum to Protected Personal Identifying Information,0.06666666666666667
5b6bfc53fbf143fba1c3073c9c139b36,5e8a67dd7053402186f9ca158a1b0619,Advice of Rights after Order Terminating Parental Rights (Juvenile Code),0.12195121951219512
5b6bfc53fbf143fba1c3073c9c139b36,771173f999a84897ac463ff96b0e2426,"Affidavit and Claim, Small Claims",0.0594059405940594
5b6bfc53fbf143fba1c3073c9c139b36,817ed149d5cd4270b06c5cbeac84aa6c,Answer to Complaint to Recover Possession of Property,0.09615384615384616
5b6bfc53fbf143fba1c3073c9c139b36,f3b03706d83e4c08b4f178da7d0c6bef,"Appeal of Suspension, Revocation, or Denial of Driver’s License",0.09090909090909091
5b6bfc53fbf143fba1c3073c9c139b36,155c0c343a5f456fb99945fa5759913f,Notice Regarding Eligibility for Early Discharge From Probation,0.06896551724137931
5b6bfc53fbf143fba1c3073c9c139b36,ff52ad38fb624afaa317c72a092197de,"Complaint, Claim and Delivery",0.16
5b6bfc53fbf143fba1c3073c9c139b36,8e9a260e9a904dd49e98257c383eeafb,Claim of Interest on Vehicle Seized for Forfeiture,0.20588235294117646
5b6bfc53fbf143fba1c3073c9c139b36,8026f3a8e28541d8a8bfcc5e3ca8c7d2,Petition to Discontinue Sex Offender Registration,0.04878048780487805
5b6bfc53fbf143fba1c3073c9c139b36,0b73aa63f8334a5aab77e4ad111ae9f2,"Commitment Order, Not Guilty by Reason of Insanity",0.10256410256410256
6935432a5c654eabbf8bc2b5827a9cb0,346d754e93274e83bfa8e73e0c651b1d,Answer to Complaint to Recover Possession of Property,0.06896551724137931
6935432a5c654eabbf8bc2b5827a9cb0,92df7834768f4510968315422054e74e,Motion and Order for Discharge From Probation,0.07272727272727272
6935432a5c654eabbf8bc2b5827a9cb0,4dc487b22c6e4c5b9e7115911268f7ed,Binding Arbitration Award,0.0
6935432a5c654eabbf8bc2b5827a9cb0,466555b870654b678b1ea30729f69f23,Order on Petition to Discontinue Sex Offender Registration,0.0975609756097561
6935432a5c654eabbf8bc2b5827a9cb0,c1d467021d4e4a0b8586dfc74a9b03e8,Assignment to Youthful Trainee Status,0.07692307692307693
6935432a5c654eabbf8bc2b5827a9cb0,2d7ac948d58747e3a0790b9239f0b788,Addendum to Protected Personal Identifying Information,0.10204081632653061
6935432a5c654eabbf8bc2b5827a9cb0,5e8a67dd7053402186f9ca158a1b0619,Advice of Rights after Order Terminating Parental Rights (Juvenile Code),0.10638297872340426
6935432a5c654eabbf8bc2b5827a9cb0,771173f999a84897ac463ff96b0e2426,"Affidavit and Claim, Small Claims",0.03669724770642202
6935432a5c654eabbf8bc2b5827a9cb0,817ed149d5cd4270b06c5cbeac84aa6c,Answer to Complaint to Recover Possession of Property,0.06779661016949153
6935432a5c654eabbf8bc2b5827a9cb0,f3b03706d83e4c08b4f178da7d0c6bef,"Appeal of Suspension, Revocation, or Denial of Driver’s License",0.13513513513513514
6935432a5c654eabbf8bc2b5827a9cb0,155c0c343a5f456fb99945fa5759913f,Notice Regarding Eligibility for Early Discharge From Probation,0.15625
6935432a5c654eabbf8bc2b5827a9cb0,ff52ad38fb624afaa317c72a092197de,"Complaint, Claim and Delivery",0.12903225806451613
6935432a5c654eabbf8bc2b5827a9cb0,8e9a260e9a904dd49e98257c383eeafb,Claim of Interest on Vehicle Seized for Forfeiture,0.09302325581395349
6935432a5c654eabbf8bc2b5827a9cb0,8026f3a8e28541d8a8bfcc5e3ca8c7d2,Petition to Discontinue Sex Offender Registration,0.06521739130434782
6935432a5c654eabbf8bc2b5827a9cb0,0b73aa63f8334a5aab77e4ad111ae9f2,"Commitment Order, Not Guilty by Reason of Insanity",0.11363636363636363
437bc6511dbc4e5db394f6dd81b4f1f0,346d754e93274e83bfa8e73e0c651b1d,Answer to Complaint to Recover Possession of Property,0.0
437bc6511dbc4e5db394f6dd81b4f1f0,92df7834768f4510968315422054e74e,Motion and Order for Discharge From Probation,0.0
437bc6511dbc4e5db394f6dd81b4f1f0,4dc487b22c6e4c5b9e7115911268f7ed,Binding Arbitration Award,0.04477611940298507
437bc6511dbc4e5db394f6dd81b4f1f0,466555b870654b678b1ea30729f69f23,Order on Petition to Discontinue Sex Offender Registration,0.0
437bc6511dbc4e5db394f6dd81b4f1f0,c1d467021d4e4a0b8586dfc74a9b03e8,Assignment to Youthful Trainee Status,0.0
437bc6511dbc4e5db394f6dd81b4f1f0,2d7ac948d58747e3a0790b9239f0b788,Addendum to Protected Personal Identifying Information,0.0
437bc6511dbc4e5db394f6dd81b4f1f0,5e8a67dd7053402186f9ca158a1b0619,Advice of Rights after Order Terminating Parental Rights (Juvenile Code),0.0
437bc6511dbc4e5db394f6dd81b4f1f0,771173f999a84897ac463ff96b0e2426,"Affidavit and Claim, Small Claims",0.0
437bc6511dbc4e5db394f6dd81b4f1f0,817ed149d5cd4270b06c5cbeac84aa6c,Answer to Complaint to Recover Possession of Property,0.0
437bc6511dbc4e5db394f6dd81b4f1f0,f3b03706d83e4c08b4f178da7d0c6bef,"Appeal of Suspension, Revocation, or Denial of Driver’s License",0.0
437bc6511dbc4e5db394f6dd81b4f1f0,155c0c343a5f456fb99945fa5759913f,Notice Regarding Eligibility for Early Discharge From Probation,0.0
437bc6511dbc4e5db394f6dd81b4f1f0,ff52ad38fb624afaa317c72a092197de,"Complaint, Claim and Delivery",0.0
437bc6511dbc4e5db394f6dd81b4f1f0,8e9a260e9a904dd49e98257c383eeafb,Claim of Interest on Vehicle Seized for Forfeiture,0.0
437bc6511dbc4e5db394f6dd81b4f1f0,8026f3a8e28541d8a8bfcc5e3ca8c7d2,Petition to Discontinue Sex Offender Registration,0.0
437bc6511dbc4e5db394f6dd81b4f1f0,0b73aa63f8334a5aab77e4ad111ae9f2,"Commitment Order, Not Guilty by Reason of Insanity",0.0
aad2d3cbd23c4c3abd22aaa74ec122a6,346d754e93274e83bfa8e73e0c651b1d,Answer to Complaint to Recover Possession of Property,0.0
aad2d3cbd23c4c3abd22aaa74ec122a6,92df7834768f4510968315422054e74e,Motion and Order for Discharge From Probation,0.0
aad2d3cbd23c4c3abd22aaa74ec122a6,4dc487b22c6e4c5b9e7115911268f7ed,Binding Arbitration Award,0.05128205128205128
aad2d3cbd23c4c3abd22aaa74ec122a6,466555b870654b678b1ea30729f69f23,Order on Petition to Discontinue Sex Offender Registration,0.0
aad2d3cbd23c4c3abd22aaa74ec122a6,c1d467021d4e4a0b8586dfc74a9b03e8,Assignment to Youthful Trainee Status,0.0136986301369863
aad2d3cbd23c4c3abd22aaa74ec122a6,2d7ac948d58747e3a0790b9239f0b788,Addendum to Protected Personal Identifying Information,0.0
aad2d3cbd23c4c3abd22aaa74ec122a6,5e8a67dd7053402186f9ca158a1b0619,Advice of Rights after Order Terminating Parental Rights (Juvenile Code),0.0
aad2d3cbd23c4c3abd22aaa74ec122a6,771173f999a84897ac463ff96b0e2426,"Affidavit and Claim, Small Claims",0.0
aad2d3cbd23c4c3abd22aaa74ec122a6,817ed149d5cd4270b06c5cbeac84aa6c,Answer to Complaint to Recover Possession of Property,0.0
aad2d3cbd23c4c3abd22aaa74ec122a6,f3b03706d83e4c08b4f178da7d0c6bef,"Appeal of Suspension, Revocation, or Denial of Driver’s License",0.0
aad2d3cbd23c4c3abd22aaa74ec122a6,155c0c343a5f456fb99945fa5759913f,Notice Regarding Eligibility for Early Discharge From Probation,0.0
aad2d3cbd23c4c3abd22aaa74ec122a6,ff52ad38fb624afaa317c72a092197de,"Complaint, Claim and Delivery",0.0
aad2d3cbd23c4c3abd22aaa74ec122a6,8e9a260e9a904dd49e98257c383eeafb,Claim of Interest on Vehicle Seized for Forfeiture,0.0
aad2d3cbd23c4c3abd22aaa74ec122a6,8026f3a8e28541d8a8bfcc5e3ca8c7d2,Petition to Discontinue Sex Offender Registration,0.0
aad2d3cbd23c4c3abd22aaa74ec122a6,0b73aa63f8334a5aab77e4ad111ae9f2,"Commitment Order, Not Guilty by Reason of Insanity",0.0
dc7f4398616f4e83b1aab16a630a2886,346d754e93274e83bfa8e73e0c651b1d,Answer to Complaint to Recover Possession of Property,0.0
dc7f4398616f4e83b1aab16a630a2886,92df7834768f4510968315422054e74e,Motion and Order for Discharge From Probation,0.0
dc7f4398616f4e83b1aab16a630a2886,4dc487b22c6e4c5b9e7115911268f7ed,Binding Arbitration Award,0.05405405405405406
dc7f4398616f4e83b1aab16a630a2886,466555b870654b678b1ea30729f69f23,Order on Petition to Discontinue Sex Offender Registration,0.0
dc7f4398616f4e83b1aab16a630a2886,c1d467021d4e4a0b8586dfc74a9b03e8,Assignment to Youthful Trainee Status,0.014492753623188406
dc7f4398616f4e83b1aab16a630a2886,2d7ac948d58747e3a0790b9239f0b788,Addendum to Protected Personal Identifying Information,0.0
dc7f4398616f4e83b1aab16a630a2886,5e8a67dd7053402186f9ca158a1b0619,Advice of Rights after Order Terminating Parental Rights (Juvenile Code),0.0
dc7f4398616f4e83b1aab16a630a2886,771173f999a84897ac463ff96b0e2426,"Affidavit and Claim, Small Claims",0.0
dc7f4398616f4e83b1aab16a630a2886,817ed149d5cd4270b06c5cbeac84aa6c,Answer to Complaint to Recover Possession of Property,0.0
dc7f4398616f4e83b1aab16a630a2886,f3b03706d83e4c08b4f178da7d0c6bef,"Appeal of Suspension, Revocation, or Denial of Driver’s License",0.0
dc7f4398616f4e83b1aab16a630a2886,155c0c343a5f456fb99945fa5759913f,Notice Regarding Eligibility for Early Discharge From Probation,0.0
dc7f4398616f4e83b1aab16a630a2886,ff52ad38fb624afaa317c72a092197de,"Complaint, Claim and Delivery",0.0
dc7f4398616f4e83b1aab16a630a2886,8e9a260e9a904dd49e98257c383eeafb,Claim of Interest on Vehicle Seized for Forfeiture,0.0
dc7f4398616f4e83b1aab16a630a2886,8026f3a8e28541d8a8bfcc5e3ca8c7d2,Petition to Discontinue Sex Offender Registration,0.0
dc7f4398616f4e83b1aab16a630a2886,0b73aa63f8334a5aab77e4ad111ae9f2,"Commitment Order, Not Guilty by Reason of Insanity",0.0
57a2acdbc28e4869a463885bc193202e,346d754e93274e83bfa8e73e0c651b1d,Answer to Complaint to Recover Possession of Property,0.03529411764705882
57a2acdbc28e4869a463885bc193202e,92df7834768f4510968315422054e74e,Motion and Order for Discharge From Probation,0.036585365853658534
57a2acdbc28e4869a463885bc193202e,4dc487b22c6e4c5b9e7115911268f7ed,Binding Arbitration Award,0.0
57a2acdbc28e4869a463885bc193202e,466555b870654b678b1ea30729f69f23,Order on Petition to Discontinue Sex Offender Registration,0.05970149253731343
57a2acdbc28e4869a463885bc193202e,c1d467021d4e4a0b8586dfc74a9b03e8,Assignment to Youthful Trainee Status,0.02127659574468085
57a2acdbc28e4869a463885bc193202e,2d7ac948d58747e3a0790b9239f0b788,Addendum to Protected Personal Identifying Information,0.012658227848101266
57a2acdbc28e4869a463885bc193202e,5e8a67dd7053402186f9ca158a1b0619,Advice of Rights after Order Terminating Parental Rights (Juvenile Code),0.14705882352941177
57a2acdbc28e4869a463885bc193202e,771173f999a84897ac463ff96b0e2426,"Affidavit and Claim, Small Claims",0.0859375
57a2acdbc28e4869a463885bc193202e,817ed149d5cd4270b06c5cbeac84aa6c,Answer to Complaint to Recover Possession of Property,0.03488372093023256
57a2acdbc28e4869a463885bc193202e,f3b03706d83e4c08b4f178da7d0c6bef,"Appeal of Suspension, Revocation, or Denial of Driver’s License",0.0625
57a2acdbc28e4869a463885bc193202e,155c0c343a5f456fb99945fa5759913f,Notice Regarding Eligibility for Early Discharge From Probation,0.03278688524590164
57a2acdbc28e4869a463885bc193202e,ff52ad38fb624afaa317c72a092197de,"Complaint, Claim and Delivery",0.05172413793103448
57a2acdbc28e4869a463885bc193202e,8e9a260e9a904dd49e98257c383eeafb,Claim of Interest on Vehicle Seized for Forfeiture,0.10606060606060606
57a2acdbc28e4869a463885bc193202e,8026f3a8e28541d8a8bfcc5e3ca8c7d2,Petition to Discontinue Sex Offender Registration,0.013513513513513514
57a2acdbc28e4869a463885bc193202e,0b73aa63f8334a5aab77e4ad111ae9f2,"Commitment Order, Not Guilty by Reason of Insanity",0.056338028169014086
75fd7832893e497bac1da4b8f76709e3,346d754e93274e83bfa8e73e0c651b1d,Answer to Complaint to Recover Possession of Property,0.11538461538461539
75fd7832893e497bac1da4b8f76709e3,92df7834768f4510968315422054e74e,Motion and Order for Discharge From Probation,0.1
75fd7832893e497bac1da4b8f76709e3,4dc487b22c6e4c5b9e7115911268f7ed,Binding Arbitration Award,0.0
75fd7832893e497bac1da4b8f76709e3,466555b870654b678b1ea30729f69f23,Order on Petition to Discontinue Sex Offender Registration,0.17142857142857143
75fd7832893e497bac1da4b8f76709e3,c1d467021d4e4a0b8586dfc74a9b03e8,Assignment to Youthful Trainee Status,0.08196721311475409
75fd7832893e497bac1da4b8f76709e3,2d7ac948d58747e3a0790b9239f0b788,Addendum to Protected Personal Identifying Information,0.08695652173913043
75fd7832893e497bac1da4b8f76709e3,5e8a67dd7053402186f9ca158a1b0619,Advice of Rights after Order Terminating Parental Rights (Juvenile Code),0.14285714285714285
75fd7832893e497bac1da4b8f76709e3,771173f999a84897ac463ff96b0e2426,"Affidavit and Claim, Small Claims",0.06862745098039216
75fd7832893e497bac1da4b8f76709e3,817ed149d5cd4270b06c5cbeac84aa6c,Answer to Complaint to Recover Possession of Property,0.11320754716981132
75fd7832893e497bac1da4b8f76709e3,f3b03706d83e4c08b4f178da7d0c6bef,"Appeal of Suspension, Revocation, or Denial of Driver’s License",0.1875
75fd7832893e497bac1da4b8f76709e3,155c0c343a5f456fb99945fa5759913f,Notice Regarding Eligibility for Early Discharge From Probation,0.13793103448275862
75fd7832893e497bac1da4b8f76709e3,ff52ad38fb624afaa317c72a092197de,"Complaint, Claim and Delivery",0.24
75fd7832893e497bac1da4b8f76709e3,8e9a260e9a904dd49e98257c383eeafb,Claim of Interest on Vehicle Seized for Forfeiture,0.22857142857142856
75fd7832893e497bac1da4b8f76709e3,8026f3a8e28541d8a8bfcc5e3ca8c7d2,Petition to Discontinue Sex Offender Registration,0.0975609756097561
75fd7832893e497bac1da4b8f76709e3,0b73aa63f8334a5aab77e4ad111ae9f2,"Commitment Order, Not Guilty by Reason of Insanity",0.15384615384615385
eca8fea9620a4e1d96e885d554c16817,346d754e93274e83bfa8e73e0c651b1d,Answer to Complaint to Recover Possession of Property,0.07142857142857142
eca8fea9620a4e1d96e885d554c16817,92df7834768f4510968315422054e74e,Motion and Order for Discharge From Probation,0.0967741935483871
eca8fea9620a4e1d96e885d554c16817,4dc487b22c6e4c5b9e7115911268f7ed,Binding Arbitration Award,0.025423728813559324
eca8fea9620a4e1d96e885d554c16817,466555b870654b678b1ea30729f69f23,Order on Petition to Discontinue Sex Offender Registration,0.08641975308641975
eca8fea9620a4e1d96e885d554c16817,c1d467021d4e4a0b8586dfc74a9b03e8,Assignment to Youthful Trainee Status,0.15306122448979592
eca8fea9620a4e1d96e885d554c16817,2d7ac948d58747e3a0790b9239f0b788,Addendum to Protected Personal Identifying Information,0.06593406593406594
eca8fea9620a4e1d96e885d554c16817,5e8a67dd7053402186f9ca158a1b0619,Advice of Rights after Order Terminating Parental Rights (Juvenile Code),0.07954545454545454
eca8fea9620a4e1d96e885d554c16817,771173f999a84897ac463ff96b0e2426,"Affidavit and Claim, Small Claims",0.05405405405405406
eca8fea9620a4e1d96e885d554c16817,817ed149d5cd4270b06c5cbeac84aa6c,Answer to Complaint to Recover Possession of Property,0.0707070707070707
eca8fea9620a4e1d96e885d554c16817,f3b03706d83e4c08b4f178da7d0c6bef,"Appeal of Suspension, Revocation, or Denial of Driver’s License",0.1038961038961039
eca8fea9620a4e1d96e885d554c16817,155c0c343a5f456fb99945fa5759913f,Notice Regarding Eligibility for Early Discharge From Probation,0.1111111111111111
eca8fea9620a4e1d96e885d554c16817,ff52ad38fb624afaa317c72a092197de,"Complaint, Claim and Delivery",0.0684931506849315
eca8fea9620a4e1d96e885d554c16817,8e9a260e9a904dd49e98257c383eeafb,Claim of Interest on Vehicle Seized for Forfeiture,0.0975609756097561
eca8fea9620a4e1d96e885d554c16817,8026f3a8e28541d8a8bfcc5e3ca8c7d2,Petition to Discontinue Sex Offender Registration,0.08235294117647059
eca8fea9620a4e1d96e885d554c16817,0b73aa63f8334a5aab77e4ad111ae9f2,"Commitment Order, Not Guilty by Reason of Insanity",0.1794871794871795
7fb4bb4b51f94d599b7e46a5bc80fbfa,346d754e93274e83bfa8e73e0c651b1d,Answer to Complaint to Recover Possession of Property,0.0
7fb4bb4b51f94d599b7e46a5bc80fbfa,92df7834768f4510968315422054e74e,Motion and Order for Discharge From Probation,0.0
7fb4bb4b51f94d599b7e46a5bc80fbfa,4dc487b22c6e4c5b9e7115911268f7ed,Binding Arbitration Award,0.02531645569620253
7fb4bb4b51f94d599b7e46a5bc80fbfa,466555b870654b678b1ea30729f69f23,Order on Petition to Discontinue Sex Offender Registration,0.0
7fb4bb4b51f94d599b7e46a5bc80fbfa,c1d467021d4e4a0b8586dfc74a9b03e8,Assignment to Youthful Trainee Status,0.013888888888888888
7fb4bb4b51f94d599b7e46a5bc80fbfa,2d7ac948d58747e3a0790b9239f0b788,Addendum to Protected Personal Identifying Information,0.0
7fb4bb4b51f94d599b7e46a5bc80fbfa,5e8a67dd7053402186f9ca158a1b0619,Advice of Rights after Order Terminating Parental Rights (Juvenile Code),0.0
7fb4bb4b51f94d599b7e46a5bc80fbfa,771173f999a84897ac463ff96b0e2426,"Affidavit and Claim, Small Claims",0.0
7fb4bb4b51f94d599b7e46a5bc80fbfa,817ed149d5cd4270b06c5cbeac84aa6c,Answer to Complaint to Recover Possession of Property,0.0
7fb4bb4b51f94d599b7e46a5bc80fbfa,f3b03706d83e4c08b4f178da7d0c6bef,"Appeal of Suspension, Revocation, or Denial of Driver’s License",0.0
7fb4bb4b51f94d599b7e46a5bc80fbfa,155c0c343a5f456fb99945fa5759913f,Notice Regarding Eligibility for Early Discharge From Probation,0.0
7fb4bb4b51f94d599b7e46a5bc80fbfa,ff52ad38fb624afaa317c72a092197de,"Complaint, Claim and Delivery",0.0
7fb4bb4b51f94d599b7e46a5bc80fbfa,8e9a260e9a904dd49e98257c383eeafb,Claim of Interest on Vehicle Seized for Forfeiture,0.0
7fb4bb4b51f94d599b7e46a5bc80fbfa,8026f3a8e28541d8a8bfcc5e3ca8c7d2,Petition to Discontinue Sex Offender Registration,0.0
7fb4bb4b51f94d599b7e46a5bc80fbfa,0b73aa63f8334a5aab77e4ad111ae9f2,"Commitment Order, Not Guilty by Reason of Insanity",0.0
a60e205ee14842118d90c4283c933ed7,346d754e93274e83bfa8e73e0c651b1d,Answer to Complaint to Recover Possession of Property,0.0
a60e205ee14842118d90c4283c933ed7,92df7834768f4510968315422054e74e,Motion and Order for Discharge From Probation,0.0
a60e205ee14842118d90c4283c933ed7,4dc487b22c6e4c5b9e7115911268f7ed,Binding Arbitration Award,0.08247422680412371
a60e205ee14842118d90c4283c933ed7,466555b870654b678b1ea30729f69f23,Order on Petition to Discontinue Sex Offender Registration,0.0
a60e205ee14842118d90c4283c933ed7,c1d467021d4e4a0b8586dfc74a9b03e8,Assignment to Youthful Trainee Status,0.010416666666666666
a60e205ee14842118d90c4283c933ed7,2d7ac948d58747e3a0790b9239f0b788,Addendum to Protected Personal Identifying Information,0.0
a60e205ee14842118d90c4283c933ed7,5e8a67dd7053402186f9ca158a1b0619,Advice of Rights after Order Terminating Parental Rights (Juvenile Code),0.0
a60e205ee14842118d90c4283c933ed7,771173f999a84897ac463ff96b0e2426,"Affidavit and Claim, Small Claims",0.0
a60e205ee14842118d90c4283c933ed7,817ed149d5cd4270b06c5cbeac84aa6c,Answer to Complaint to Recover Possession of Property,0.0
a60e205ee14842118d90c4283c933ed7,f3b03706d83e4c08b4f178da7d0c6bef,"Appeal of Suspension, Revocation, or Denial of Driver’s License",0.0
a60e205ee14842118d90c4283c933ed7,155c0c343a5f456fb99945fa5759913f,Notice Regarding Eligibility for Early Discharge From Probation,0.0
a60e205ee14842118d90c4283c933ed7,ff52ad38fb624afaa317c72a092197de,"Complaint, Claim and Delivery",0.0
a60e205ee14842118d90c4283c933ed7,8e9a260e9a904dd49e98257c383eeafb,Claim of Interest on Vehicle Seized for Forfeiture,0.0
a60e205ee14842118d90c4283c933ed7,8026f3a8e28541d8a8bfcc5e3ca8c7d2,Petition to Discontinue Sex Offender Registration,0.0
a60e205ee14842118d90c4283c933ed7,0b73aa63f8334a5aab77e4ad111ae9f2,"Commitment Order, Not Guilty by Reason of Insanity",0.0
771173f999a84897ac463ff96b0e2426,346d754e93274e83bfa8e73e0c651b1d,Answer to Complaint to Recover Possession of Property,0.12403100775193798
771173f999a84897ac463ff96b0e2426,92df7834768f4510968315422054e74e,Motion and Order for Discharge From Probation,0.08396946564885496
771173f999a84897ac463ff96b0e2426,4dc487b22c6e4c5b9e7115911268f7ed,Binding Arbitration Award,0.03205128205128205
771173f999a84897ac463ff96b0e2426,466555b870654b678b1ea30729f69f23,Order on Petition to Discontinue Sex Offender Registration,0.07563025210084033
771173f999a84897ac463ff96b0e2426,c1d467021d4e4a0b8586dfc74a9b03e8,Assignment to Youthful Trainee Status,0.0625
771173f999a84897ac463ff96b0e2426,2d7ac948d58747e3a0790b9239f0b788,Addendum to Protected Personal Identifying Information,0.04580152671755725
771173f999a84897ac463ff96b0e2426,5e8a67dd7053402186f9ca158a1b0619,Advice of Rights after Order Terminating Parental Rights (Juvenile Code),0.11570247933884298
771173f999a84897ac463ff96b0e2426,817ed149d5cd4270b06c5cbeac84aa6c,Answer to Complaint to Recover Possession of Property,0.13178294573643412
771173f999a84897ac463ff96b0e2426,f3b03706d83e4c08b4f178da7d0c6bef,"Appeal of Suspension, Revocation, or Denial of Driver’s License",0.10619469026548672
771173f999a84897ac463ff96b0e2426,155c0c343a5f456fb99945fa5759913f,Notice Regarding Eligibility for Early Discharge From Probation,0.061946902654867256
771173f999a84897ac463ff96b0e2426,ff52ad38fb624afaa317c72a092197de,"Complaint, Claim and Delivery",0.07272727272727272
771173f999a84897ac463ff96b0e2426,8e9a260e9a904dd49e98257c383eeafb,Claim of Interest on Vehicle Seized for Forfeiture,0.1206896551724138
771173f999a84897ac463ff96b0e2426,8026f3a8e28541d8a8bfcc5e3ca8c7d2,Petition to Discontinue Sex Offender Registration,0.07317073170731707
771173f999a84897ac463ff96b0e2426,0b73aa63f8334a5aab77e4ad111ae9f2,"Commitment Order, Not Guilty by Reason of Insanity",0.08196721311475409
e0d2111417fa409fa47ac26196f1b0c9,346d754e93274e83bfa8e73e0c651b1d,Answer to Complaint to Recover Possession of Property,0.06557377049180328
e0d2111417fa409fa47ac26196f1b0c9,92df7834768f4510968315422054e74e,Motion and Order for Discharge From Probation,0.06896551724137931
e0d2111417fa409fa47ac26196f1b0c9,4dc487b22c6e4c5b9e7115911268f7ed,Binding Arbitration Award,0.0
e0d2111417fa409fa47ac26196f1b0c9,466555b870654b678b1ea30729f69f23,Order on Petition to Discontinue Sex Offender Registration,0.06666666666666667
e0d2111417fa409fa47ac26196f1b0c9,c1d467021d4e4a0b8586dfc74a9b03e8,Assignment to Youthful Trainee Status,0.057971014492753624
e0d2111417fa409fa47ac26196f1b0c9,2d7ac948d58747e3a0790b9239f0b788,Addendum to Protected Personal Identifying Information,0.07547169811320754
e0d2111417fa409fa47ac26196f1b0c9,5e8a67dd7053402186f9ca158a1b0619,Advice of Rights after Order Terminating Parental Rights (Juvenile Code),0.03773584905660377
e0d2111417fa409fa47ac26196f1b0c9,771173f999a84897ac463ff96b0e2426,"Affidavit and Claim, Small Claims",0.04504504504504504
e0d2111417fa409fa47ac26196f1b0c9,817ed149d5cd4270b06c5cbeac84aa6c,Answer to Complaint to Recover Possession of Property,0.06451612903225806
e0d2111417fa409fa47ac26196f1b0c9,f3b03706d83e4c08b4f178da7d0c6bef,"Appeal of Suspension, Revocation, or Denial of Driver’s License",0.07142857142857142
e0d2111417fa409fa47ac26196f1b0c9,155c0c343a5f456fb99945fa5759913f,Notice Regarding Eligibility for Early Discharge From Probation,0.08108108108108109
e0d2111417fa409fa47ac26196f1b0c9,ff52ad38fb624afaa317c72a092197de,"Complaint, Claim and Delivery",0.08571428571428572
e0d2111417fa409fa47ac26196f1b0c9,8e9a260e9a904dd49e98257c383eeafb,Claim of Interest on Vehicle Seized for Forfeiture,0.08695652173913043
e0d2111417fa409fa47ac26196f1b0c9,8026f3a8e28541d8a8bfcc5e3ca8c7d2,Petition to Discontinue Sex Offender Registration,0.04
e0d2111417fa409fa47ac26196f1b0c9,0b73aa63f8334a5aab77e4ad111ae9f2,"Commitment Order, Not Guilty by Reason of Insanity",0.08333333333333333
817ed149d5cd4270b06c5cbeac84aa6c,346d754e93274e83bfa8e73e0c651b1d,Answer to Complaint to Recover Possession of Property,0.9791666666666666
817ed149d5cd4270b06c5cbeac84aa6c,92df7834768f4510968315422054e74e,Motion and Order for Discharge From Probation,0.12195121951219512
817ed149d5cd4270b06c5cbeac84aa6c,4dc487b22c6e4c5b9e7115911268f7ed,Binding Arbitration Award,0.04716981132075472
817ed149d5cd4270b06c5cbeac84aa6c,466555b870654b678b1ea30729f69f23,Order on Petition to Discontinue Sex Offender Registration,0.11428571428571428
817ed149d5cd4270b06c5cbeac84aa6c,c1d467021d4e4a0b8586dfc74a9b03e8,Assignment to Youthful Trainee Status,0.08421052631578947
817ed149d5cd4270b06c5cbeac84aa6c,2d7ac948d58747e3a0790b9239f0b788,Addendum to Protected Personal Identifying Information,0.07407407407407407
817ed149d5cd4270b06c5cbeac84aa6c,5e8a67dd7053402186f9ca158a1b0619,Advice of Rights after Order Terminating Parental Rights (Juvenile Code),0.1038961038961039
817ed149d5cd4270b06c5cbeac84aa6c,771173f999a84897ac463ff96b0e2426,"Affidavit and Claim, Small Claims",0.13178294573643412
817ed149d5cd4270b06c5cbeac84aa6c,f3b03706d83e4c08b4f178da7d0c6bef,"Appeal of Suspension, Revocation, or Denial of Driver’s License",0.13636363636363635
817ed149d5cd4270b06c5cbeac84aa6c,155c0c343a5f456fb99945fa5759913f,Notice Regarding Eligibility for Early Discharge From Probation,0.09375
817ed149d5cd4270b06c5cbeac84aa6c,ff52ad38fb624afaa317c72a092197de,"Complaint, Claim and Delivery",0.13333333333333333
817ed149d5cd4270b06c5cbeac84aa6c,8e9a260e9a904dd49e98257c383eeafb,Claim of Interest on Vehicle Seized for Forfeiture,0.14285714285714285
817ed149d5cd4270b06c5cbeac84aa6c,8026f3a8e28541d8a8bfcc5e3ca8c7d2,Petition to Discontinue Sex Offender Registration,0.07894736842105263
817ed149d5cd4270b06c5cbeac84aa6c,0b73aa63f8334a5aab77e4ad111ae9f2,"Commitment Order, Not Guilty by Reason of Insanity",0.10810810810810811
0b94f97a29d6402cbcdf01fa606d750a,346d754e93274e83bfa8e73e0c651b1d,Answer to Complaint to Recover Possession of Property,0.013333333333333334
0b94f97a29d6402cbcdf01fa606d750a,92df7834768f4510968315422054e74e,Motion and Order for Discharge From Probation,0.013888888888888888
0b94f97a29d6402cbcdf01fa606d750a,4dc487b22c6e4c5b9e7115911268f7ed,Binding Arbitration Award,0.0
0b94f97a29d6402cbcdf01fa606d750a,466555b870654b678b1ea30729f69f23,Order on Petition to Discontinue Sex Offender Registration,0.017241379310344827
0b94f97a29d6402cbcdf01fa606d750a,c1d467021d4e4a0b8586dfc74a9b03e8,Assignment to Youthful Trainee Status,0.012048192771084338
0b94f97a29d6402cbcdf01fa606d750a,2d7ac948d58747e3a0790b9239f0b788,Addendum to Protected Personal Identifying Information,0.014925373134328358
0b94f97a29d6402cbcdf01fa606d750a,5e8a67dd7053402186f9ca158a1b0619,Advice of Rights after Order Terminating Parental Rights (Juvenile Code),0.06451612903225806
0b94f97a29d6402cbcdf01fa606d750a,771173f999a84897ac463ff96b0e2426,"Affidavit and Claim, Small Claims",0.007936507936507936
0b94f97a29d6402cbcdf01fa606d750a,817ed149d5cd4270b06c5cbeac84aa6c,Answer to Complaint to Recover Possession of Property,0.013157894736842105
0b94f97a29d6402cbcdf01fa606d750a,f3b03706d83e4c08b4f178da7d0c6bef,"Appeal of Suspension, Revocation, or Denial of Driver’s License",0.01818181818181818
0b94f97a29d6402cbcdf01fa606d750a,155c0c343a5f456fb99945fa5759913f,Notice Regarding Eligibility for Early Discharge From Probation,0.02
0b94f97a29d6402cbcdf01fa606d750a,ff52ad38fb624afaa317c72a092197de,"Complaint, Claim and Delivery",0.020833333333333332
0b94f97a29d6402cbcdf01fa606d750a,8e9a260e9a904dd49e98257c383eeafb,Claim of Interest on Vehicle Seized for Forfeiture,0.05172413793103448
0b94f97a29d6402cbcdf01fa606d750a,8026f3a8e28541d8a8bfcc5e3ca8c7d2,Petition to Discontinue Sex Offender Registration,0.016129032258064516
0b94f97a29d6402cbcdf01fa606d750a,0b73aa63f8334a5aab77e4ad111ae9f2,"Commitment Order, Not Guilty by Reason of Insanity",0.016129032258064516
f3b03706d83e4c08b4f178da7d0c6bef,346d754e93274e83bfa8e73e0c651b1d,Answer to Complaint to Recover Possession of Property,0.13846153846153847
f3b03706d83e4c08b4f178da7d0c6bef,92df7834768f4510968315422054e74e,Motion and Order for Discharge From Probation,0.12698412698412698
f3b03706d83e4c08b4f178da7d0c6bef,4dc487b22c6e4c5b9e7115911268f7ed,Binding Arbitration Award,0.034482758620689655
f3b03706d83e4c08b4f178da7d0c6bef,466555b870654b678b1ea30729f69f23,Order on Petition to Discontinue Sex Offender Registration,0.16326530612244897
f3b03706d83e4c08b4f178da7d0c6bef,c1d467021d4e4a0b8586dfc74a9b03e8,Assignment to Youthful Trainee Status,0.10810810810810811
f3b03706d83e4c08b4f178da7d0c6bef,2d7ac948d58747e3a0790b9239f0b788,Addendum to Protected Personal Identifying Information,0.1
f3b03706d83e4c08b4f178da7d0c6bef,5e8a67dd7053402186f9ca158a1b0619,Advice of Rights after Order Terminating Parental Rights (Juvenile Code),0.16363636363636364
f3b03706d83e4c08b4f178da7d0c6bef,771173f999a84897ac463ff96b0e2426,"Affidavit and Claim, Small Claims",0.10619469026548672
f3b03706d83e4c08b4f178da7d0c6bef,817ed149d5cd4270b06c5cbeac84aa6c,Answer to Complaint to Recover Possession of Property,0.13636363636363635
f3b03706d83e4c08b4f178da7d0c6bef,155c0c343a5f456fb99945fa5759913f,Notice Regarding Eligibility for Early Discharge From Probation,0.1951219512195122
f3b03706d83e4c08b4f178da7d0c6bef,ff52ad38fb624afaa317c72a092197de,"Complaint, Claim and Delivery",0.175
f3b03706d83e4c08b4f178da7d0c6bef,8e9a260e9a904dd49e98257c383eeafb,Claim of Interest on Vehicle Seized for Forfeiture,0.1568627450980392
f3b03706d83e4c08b4f178da7d0c6bef,8026f3a8e28541d8a8bfcc5e3ca8c7d2,Petition to Discontinue Sex Offender Registration,0.12962962962962962
f3b03706d83e4c08b4f178da7d0c6bef,0b73aa63f8334a5aab77e4ad111ae9f2,"Commitment Order, Not Guilty by Reason of Insanity",0.1509433962264151
155c0c343a5f456fb99945fa5759913f,346d754e93274e83bfa8e73e0c651b1d,Answer to Complaint to Recover Possession of Property,0.09523809523809523
155c0c343a5f456fb99945fa5759913f,92df7834768f4510968315422054e74e,Motion and Order for Discharge From Probation,0.24528301886792453
155c0c343a5f456fb99945fa5759913f,4dc487b22c6e4c5b9e7115911268f7ed,Binding Arbitration Award,0.024096385542168676
155c0c343a5f456fb99945fa5759913f,466555b870654b678b1ea30729f69f23,Order on Petition to Discontinue Sex Offender Registration,0.2682926829268293
155c0c343a5f456fb99945fa5759913f,c1d467021d4e4a0b8586dfc74a9b03e8,Assignment to Youthful Trainee Status,0.203125
155c0c343a5f456fb99945fa5759913f,2d7ac948d58747e3a0790b9239f0b788,Addendum to Protected Personal Identifying Information,0.08928571428571429
155c0c343a5f456fb99945fa5759913f,5e8a67dd7053402186f9ca158a1b0619,Advice of Rights after Order Terminating Parental Rights (Juvenile Code),0.1346153846153846
155c0c343a5f456fb99945fa5759913f,771173f999a84897ac463ff96b0e2426,"Affidavit and Claim, Small Claims",0.061946902654867256
155c0c343a5f456fb99945fa5759913f,817ed149d5cd4270b06c5cbeac84aa6c,Answer to Complaint to Recover Possession of Property,0.09375
155c0c343a5f456fb99945fa5759913f,f3b03706d83e4c08b4f178da7d0c6bef,"Appeal of Suspension, Revocation, or Denial of Driver’s License",0.1951219512195122
155c0c343a5f456fb99945fa5759913f,ff52ad38fb624afaa317c72a092197de,"Complaint, Claim and Delivery",0.16666666666666666
155c0c343a5f456fb99945fa5759913f,8e9a260e9a904dd49e98257c383eeafb,Claim of Interest on Vehicle Seized for Forfeiture,0.2
155c0c343a5f456fb99945fa5759913f,8026f3a8e28541d8a8bfcc5e3ca8c7d2,Petition to Discontinue Sex Offender Registration,0.16666666666666666
155c0c343a5f456fb99945fa5759913f,0b73aa63f8334a5aab77e4ad111ae9f2,"Commitment Order, Not Guilty by Reason of Insanity",0.2727272727272727
ff52ad38fb624afaa317c72a092197de,346d754e93274e83bfa8e73e0c651b1d,Answer to Complaint to Recover Possession of Property,0.13559322033898305
ff52ad38fb624afaa317c72a092197de,92df7834768f4510968315422054e74e,Motion and Order for Discharge From Probation,0.12280701754385964
ff52ad38fb624afaa317c72a092197de,4dc487b22c6e4c5b9e7115911268f7ed,Binding Arbitration Award,0.024691358024691357
ff52ad38fb624afaa317c72a092197de,466555b870654b678b1ea30729f69f23,Order on Petition to Discontinue Sex Offender Registration,0.19047619047619047
ff52ad38fb624afaa317c72a092197de,c1d467021d4e4a0b8586dfc74a9b03e8,Assignment to Youthful Trainee Status,0.11940298507462686
ff52ad38fb624afaa317c72a092197de,2d7ac948d58747e3a0790b9239f0b788,Addendum to Protected Personal Identifying Information,0.11320754716981132
ff52ad38fb624afaa317c72a092197de,5e8a67dd7053402186f9ca158a1b0619,Advice of Rights after Order Terminating Parental Rights (Juvenile Code),0.14
ff52ad38fb624afaa317c72a092197de,771173f999a84897ac463ff96b0e2426,"Affidavit and Claim, Small Claims",0.07272727272727272
ff52ad38fb624afaa317c72a092197de,817ed149d5cd4270b06c5cbeac84aa6c,Answer to Complaint to Recover Possession of Property,0.13333333333333333
ff52ad38fb624afaa317c72a092197de,f3b03706d83e4c08b4f178da7d0c6bef,"Appeal of Suspension, Revocation, or Denial of Driver’s License",0.175
ff52ad38fb624afaa317c72a092197de,155c0c343a5f456fb99945fa5759913f,Notice Regarding Eligibility for Early Discharge From Probation,0.16666666666666666
ff52ad38fb624afaa317c72a092197de,8e9a260e9a904dd49e98257c383eeafb,Claim of Interest on Vehicle Seized for Forfeiture,0.15555555555555556
ff52ad38fb624afaa317c72a092197de,8026f3a8e28541d8a8bfcc5e3ca8c7d2,Petition to Discontinue Sex Offender Registration,0.125
ff52ad38fb624afaa317c72a092197de,0b73aa63f8334a5aab77e4ad111ae9f2,"Commitment Order, Not Guilty by Reason of Insanity",0.22727272727272727
b9307533a2794975a353c33404e562d3,346d754e93274e83bfa8e73e0c651b1d,Answer to Complaint to Recover Possession of Property,0.01694915254237288
b9307533a2794975a353c33404e562d3,92df7834768f4510968315422054e74e,Motion and Order for Discharge From Probation,0.017857142857142856
b9307533a2794975a353c33404e562d3,4dc487b22c6e4c5b9e7115911268f7ed,Binding Arbitration Award,0.013333333333333334
b9307533a2794975a353c33404e562d3,466555b870654b678b1ea30729f69f23,Order on Petition to Discontinue Sex Offender Registration,0.04878048780487805
b9307533a2794975a353c33404e562d3,c1d467021d4e4a0b8586dfc74a9b03e8,Assignment to Youthful Trainee Status,0.030303030303030304
b9307533a2794975a353c33404e562d3,2d7ac948d58747e3a0790b9239f0b788,Addendum to Protected Personal Identifying Information,0.0196078431372549
b9307533a2794975a353c33404e562d3,5e8a67dd7053402186f9ca158a1b0619,Advice of Rights after Order Terminating Parental Rights (Juvenile Code),0.02040816326530612
b9307533a2794975a353c33404e562d3,771173f999a84897ac463ff96b0e2426,"Affidavit and Claim, Small Claims",0.01834862385321101
b9307533a2794975a353c33404e562d3,817ed149d5cd4270b06c5cbeac84aa6c,Answer to Complaint to Recover Possession of Property,0.016666666666666666
b9307533a2794975a353c33404e562d3,f3b03706d83e4c08b4f178da7d0c6bef,"Appeal of Suspension, Revocation, or Denial of Driver’s License",0.05263157894736842
b9307533a2794975a353c33404e562d3,155c0c343a5f456fb99945fa5759913f,Notice Regarding Eligibility for Early Discharge From Probation,0.0
b9307533a2794975a353c33404e562d3,ff52ad38fb624afaa317c72a092197de,"Complaint, Claim and Delivery",0.03125
b9307533a2794975a353c33404e562d3,8e9a260e9a904dd49e98257c383eeafb,Claim of Interest on Vehicle Seized for Forfeiture,0.022727272727272728
b9307533a2794975a353c33404e562d3,8026f3a8e28541d8a8bfcc5e3ca8c7d2,Petition to Discontinue Sex Offender Registration,0.021739130434782608
b9307533a2794975a353c33404e562d3,0b73aa63f8334a5aab77e4ad111ae9f2,"Commitment Order, Not Guilty by Reason of Insanity",0.06818181818181818
e0f1fea8c5b649418321e1cab1a0d67c,346d754e93274e83bfa8e73e0c651b1d,Answer to Complaint to Recover Possession of Property,0.11578947368421053
e0f1fea8c5b649418321e1cab1a0d67c,92df7834768f4510968315422054e74e,Motion and Order for Discharge From Probation,0.10752688172043011
e0f1fea8c5b649418321e1cab1a0d67c,4dc487b22c6e4c5b9e7115911268f7ed,Binding Arbitration Award,0.025210084033613446
e0f1fea8c5b649418321e1cab1a0d67c,466555b870654b678b1ea30729f69f23,Order on Petition to Discontinue Sex Offender Registration,0.09876543209876543
e0f1fea8c5b649418321e1cab1a0d67c,c1d467021d4e4a0b8586dfc74a9b03e8,Assignment to Youthful Trainee Status,0.08571428571428572
e0f1fea8c5b649418321e1cab1a0d67c,2d7ac948d58747e3a0790b9239f0b788,Addendum to Protected Personal Identifying Information,0.06521739130434782
e0f1fea8c5b649418321e1cab1a0d67c,5e8a67dd7053402186f9ca158a1b0619,Advice of Rights after Order Terminating Parental Rights (Juvenile Code),0.14285714285714285
e0f1fea8c5b649418321e1cab1a0d67c,771173f999a84897ac463ff96b0e2426,"Affidavit and Claim, Small Claims",0.0979020979020979
e0f1fea8c5b649418321e1cab1a0d67c,817ed149d5cd4270b06c5cbeac84aa6c,Answer to Complaint to Recover Possession of Property,0.11458333333333333
e0f1fea8c5b649418321e1cab1a0d67c,f3b03706d83e4c08b4f178da7d0c6bef,"Appeal of Suspension, Revocation, or Denial of Driver’s License",0.11688311688311688
e0f1fea8c5b649418321e1cab1a0d67c,155c0c343a5f456fb99945fa5759913f,Notice Regarding Eligibility for Early Discharge From Probation,0.0945945945945946
e0f1fea8c5b649418321e1cab1a0d67c,ff52ad38fb624afaa317c72a092197de,"Complaint, Claim and Delivery",0.11267605633802817
e0f1fea8c5b649418321e1cab1a0d67c,8e9a260e9a904dd49e98257c383eeafb,Claim of Interest on Vehicle Seized for Forfeiture,0.10975609756097561
e0f1fea8c5b649418321e1cab1a0d67c,8026f3a8e28541d8a8bfcc5e3ca8c7d2,Petition to Discontinue Sex Offender Registration,0.056818181818181816
e0f1fea8c5b649418321e1cab1a0d67c,0b73aa63f8334a5aab77e4ad111ae9f2,"Commitment Order, Not Guilty by Reason of Insanity",0.12048192771084337
62506f3236904719adbcf0ba9da7b27c,346d754e93274e83bfa8e73e0c651b1d,Answer to Complaint to Recover Possession of Property,0.0
62506f3236904719adbcf0ba9da7b27c,92df7834768f4510968315422054e74e,Motion and Order for Discharge From Probation,0.0
62506f3236904719adbcf0ba9da7b27c,4dc487b22c6e4c5b9e7115911268f7ed,Binding Arbitration Award,0.09859154929577464
62506f3236904719adbcf0ba9da7b27c,466555b870654b678b1ea30729f69f23,Order on Petition to Discontinue Sex Offender Registration,0.0
62506f3236904719adbcf0ba9da7b27c,c1d467021d4e4a0b8586dfc74a9b03e8,Assignment to Youthful Trainee Status,0.0
62506f3236904719adbcf0ba9da7b27c,2d7ac948d58747e3a0790b9239f0b788,Addendum to Protected Personal Identifying Information,0.0
62506f3236904719adbcf0ba9da7b27c,5e8a67dd7053402186f9ca158a1b0619,Advice of Rights after Order Terminating Parental Rights (Juvenile Code),0.0
62506f3236904719adbcf0ba9da7b27c,771173f999a84897ac463ff96b0e2426,"Affidavit and Claim, Small Claims",0.0
62506f3236904719adbcf0ba9da7b27c,817ed149d5cd4270b06c5cbeac84aa6c,Answer to Complaint to Recover Possession of Property,0.0
62506f3236904719adbcf0ba9da7b27c,f3b03706d83e4c08b4f178da7d0c6bef,"Appeal of Suspension, Revocation, or Denial of Driver’s License",0.0
62506f3236904719adbcf0ba9da7b27c,155c0c343a5f456fb99945fa5759913f,Notice Regarding Eligibility for Early Discharge From Probation,0.0
62506f3236904719adbcf0ba9da7b27c,ff52ad38fb624afaa317c72a092197de,"Complaint, Claim and Delivery",0.0
62506f3236904719adbcf0ba9da7b27c,8e9a260e9a904dd49e98257c383eeafb,Claim of Interest on Vehicle Seized for Forfeiture,0.0
62506f3236904719adbcf0ba9da7b27c,8026f3a8e28541d8a8bfcc5e3ca8c7d2,Petition to Discontinue Sex Offender Registration,0.0
62506f3236904719adbcf0ba9da7b27c,0b73aa63f8334a5aab77e4ad111ae9f2,"Commitment Order, Not Guilty by Reason of Insanity",0.0
8e9a260e9a904dd49e98257c383eeafb,346d754e93274e83bfa8e73e0c651b1d,Answer to Complaint to Recover Possession of Property,0.14492753623188406
8e9a260e9a904dd49e98257c383eeafb,92df7834768f4510968315422054e74e,Motion and Order for Discharge From Probation,0.22580645161290322
8e9a260e9a904dd49e98257c383eeafb,4dc487b22c6e4c5b9e7115911268f7ed,Binding Arbitration Award,0.05555555555555555
8e9a260e9a904dd49e98257c383eeafb,466555b870654b678b1ea30729f69f23,Order on Petition to Discontinue Sex Offender Registration,0.21568627450980393
8e9a260e9a904dd49e98257c383eeafb,c1d467021d4e4a0b8586dfc74a9b03e8,Assignment to Youthful Trainee Status,0.14473684210526316
8e9a260e9a904dd49e98257c383eeafb,2d7ac948d58747e3a0790b9239f0b788,Addendum to Protected Personal Identifying Information,0.109375
8e9a260e9a904dd49e98257c383eeafb,5e8a67dd7053402186f9ca158a1b0619,Advice of Rights after Order Terminating Parental Rights (Juvenile Code),0.1694915254237288
8e9a260e9a904dd49e98257c383eeafb,771173f999a84897ac463ff96b0e2426,"Affidavit and Claim, Small Claims",0.1206896551724138
8e9a260e9a904dd49e98257c383eeafb,817ed149d5cd4270b06c5cbeac84aa6c,Answer to Complaint to Recover Possession of Property,0.14285714285714285
8e9a260e9a904dd49e98257c383eeafb,f3b03706d83e4c08b4f178da7d0c6bef,"Appeal of Suspension, Revocation, or Denial of Driver’s License",0.1568627450980392
8e9a260e9a904dd49e98257c383eeafb,155c0c343a5f456fb99945fa5759913f,Notice Regarding Eligibility for Early Discharge From Probation,0.2
8e9a260e9a904dd49e98257c383eeafb,ff52ad38fb624afaa317c72a092197de,"Complaint, Claim and Delivery",0.15555555555555556
8e9a260e9a904dd49e98257c383eeafb,8026f3a8e28541d8a8bfcc5e3ca8c7d2,Petition to Discontinue Sex Offender Registration,0.15789473684210525
8e9a260e9a904dd49e98257c383eeafb,0b73aa63f8334a5aab77e4ad111ae9f2,"Commitment Order, Not Guilty by Reason of Insanity",0.2
c838c587daff4c7a9ebb29383bfc910e,346d754e93274e83bfa8e73e0c651b1d,Answer to Complaint to Recover Possession of Property,0.0
c838c587daff4c7a9ebb29383bfc910e,92df7834768f4510968315422054e74e,Motion and Order for Discharge From Probation,0.011235955056179775
c838c587daff4c7a9ebb29383bfc910e,4dc487b22c6e4c5b9e7115911268f7ed,Binding Arbitration Award,0.018691588785046728
c838c587daff4c7a9ebb29383bfc910e,466555b870654b678b1ea30729f69f23,Order on Petition to Discontinue Sex Offender Registration,0.0
c838c587daff4c7a9ebb29383bfc910e,c1d467021d4e4a0b8586dfc74a9b03e8,Assignment to Youthful Trainee Status,0.0
c838c587daff4c7a9ebb29383bfc910e,2d7ac948d58747e3a0790b9239f0b788,Addendum to Protected Personal Identifying Information,0.0
c838c587daff4c7a9ebb29383bfc910e,5e8a67dd7053402186f9ca158a1b0619,Advice of Rights after Order Terminating Parental Rights (Juvenile Code),0.0
c838c587daff4c7a9ebb29383bfc910e,771173f999a84897ac463ff96b0e2426,"Affidavit and Claim, Small Claims",0.014084507042253521
c838c587daff4c7a9ebb29383bfc910e,817ed149d5cd4270b06c5cbeac84aa6c,Answer to Complaint to Recover Possession of Property,0.0
c838c587daff4c7a9ebb29383bfc910e,f3b03706d83e4c08b4f178da7d0c6bef,"Appeal of Suspension, Revocation, or Denial of Driver’s License",0.0
c838c587daff4c7a9ebb29383bfc910e,155c0c343a5f456fb99945fa5759913f,Notice Regarding Eligibility for Early Discharge From Probation,0.0
c838c587daff4c7a9ebb29383bfc910e,ff52ad38fb624afaa317c72a092197de,"Complaint, Claim and Delivery",0.0
c838c587daff4c7a9ebb29383bfc910e,8e9a260e9a904dd49e98257c383eeafb,Claim of Interest on Vehicle Seized for Forfeiture,0.0
c838c587daff4c7a9ebb29383bfc910e,8026f3a8e28541d8a8bfcc5e3ca8c7d2,Petition to Discontinue Sex Offender Registration,0.0
c838c587daff4c7a9ebb29383bfc910e,0b73aa63f8334a5aab77e4ad111ae9f2,"Commitment Order, Not Guilty by Reason of Insanity",0.0
8026f3a8e28541d8a8bfcc5e3ca8c7d2,346d754e93274e83bfa8e73e0c651b1d,Answer to Complaint to Recover Possession of Property,0.08
8026f3a8e28541d8a8bfcc5e3ca8c7d2,92df7834768f4510968315422054e74e,Motion and Order for Discharge From Probation,0.11428571428571428
8026f3a8e28541d8a8bfcc5e3ca8c7d2,4dc487b22c6e4c5b9e7115911268f7ed,Binding Arbitration Award,0.021052631578947368
8026f3a8e28541d8a8bfcc5e3ca8c7d2,466555b870654b678b1ea30729f69f23,Order on Petition to Discontinue Sex Offender Registration,0.23076923076923078
8026f3a8e28541d8a8bfcc5e3ca8c7d2,c1d467021d4e4a0b8586dfc74a9b03e8,Assignment to Youthful Trainee Status,0.12658227848101267
8026f3a8e28541d8a8bfcc5e3ca8c7d2,2d7ac948d58747e3a0790b9239f0b788,Addendum to Protected Personal Identifying Information,0.08955223880597014
8026f3a8e28541d8a8bfcc5e3ca8c7d2,5e8a67dd7053402186f9ca158a1b0619,Advice of Rights after Order Terminating Parental Rights (Juvenile Code),0.05970149253731343
8026f3a8e28541d8a8bfcc5e3ca8c7d2,771173f999a84897ac463ff96b0e2426,"Affidavit and Claim, Small Claims",0.07317073170731707
8026f3a8e28541d8a8bfcc5e3ca8c7d2,817ed149d5cd4270b06c5cbeac84aa6c,Answer to Complaint to Recover Possession of Property,0.07894736842105263
8026f3a8e28541d8a8bfcc5e3ca8c7d2,f3b03706d83e4c08b4f178da7d0c6bef,"Appeal of Suspension, Revocation, or Denial of Driver’s License",0.12962962962962962
8026f3a8e28541d8a8bfcc5e3ca8c7d2,155c0c343a5f456fb99945fa5759913f,Notice Regarding Eligibility for Early Discharge From Probation,0.16666666666666666
8026f3a8e28541d8a8bfcc5e3ca8c7d2,ff52ad38fb624afaa317c72a092197de,"Complaint, Claim and Delivery",0.125
8026f3a8e28541d8a8bfcc5e3ca8c7d2,8e9a260e9a904dd49e98257c383eeafb,Claim of Interest on Vehicle Seized for Forfeiture,0.15789473684210525
8026f3a8e28541d8a8bfcc5e3ca8c7d2,0b73aa63f8334a5aab77e4ad111ae9f2,"Commitment Order, Not Guilty by Reason of Insanity",0.19298245614035087
563fc99a3c204741839af3cc0c613f2c,346d754e93274e83bfa8e73e0c651b1d,Answer to Complaint to Recover Possession of Property,0.08552631578947369
563fc99a3c204741839af3cc0c613f2c,92df7834768f4510968315422054e74e,Motion and Order for Discharge From Probation,0.058823529411764705
563fc99a3c204741839af3cc0c613f2c,4dc487b22c6e4c5b9e7115911268f7ed,Binding Arbitration Award,0.022598870056497175
563fc99a3c204741839af3cc0c613f2c,466555b870654b678b1ea30729f69f23,Order on Petition to Discontinue Sex Offender Registration,0.05714285714285714
563fc99a3c204741839af3cc0c613f2c,c1d467021d4e4a0b8586dfc74a9b03e8,Assignment to Youthful Trainee Status,0.04216867469879518
563fc99a3c204741839af3cc0c613f2c,2d7ac948d58747e3a0790b9239f0b788,Addendum to Protected Personal Identifying Information,0.039735099337748346
563fc99a3c204741839af3cc0c613f2c,5e8a67dd7053402186f9ca158a1b0619,Advice of Rights after Order Terminating Parental Rights (Juvenile Code),0.08391608391608392
563fc99a3c204741839af3cc0c613f2c,771173f999a84897ac463ff96b0e2426,"Affidavit and Claim, Small Claims",0.1076923076923077
563fc99a3c204741839af3cc0c613f2c,817ed149d5cd4270b06c5cbeac84aa6c,Answer to Complaint to Recover Possession of Property,0.08496732026143791
563fc99a3c204741839af3cc0c613f2c,f3b03706d83e4c08b4f178da7d0c6bef,"Appeal of Suspension, Revocation, or Denial of Driver’s License",0.050724637681159424
563fc99a3c204741839af3cc0c613f2c,155c0c343a5f456fb99945fa5759913f,Notice Regarding Eligibility for Early Discharge From Probation,0.037037037037037035
563fc99a3c204741839af3cc0c613f2c,ff52ad38fb624afaa317c72a092197de,"Complaint, Claim and Delivery",0.05343511450381679
563fc99a3c204741839af3cc0c613f2c,8e9a260e9a904dd49e98257c383eeafb,Claim of Interest on Vehicle Seized for Forfeiture,0.0948905109489051
563fc99a3c204741839af3cc0c613f2c,8026f3a8e28541d8a8bfcc5e3ca8c7d2,Petition to Discontinue Sex Offender Registration,0.034013605442176874
563fc99a3c204741839af3cc0c613f2c,0b73aa63f8334a5aab77e4ad111ae9f2,"Commitment Order, Not Guilty by Reason of Insanity",0.06293706293706294
4c3ef09f146843e8936b01c7b1b3d246,346d754e93274e83bfa8e73e0c651b1d,Answer to Complaint to Recover Possession of Property,0.0
4c3ef09f146843e8936b01c7b1b3d246,92df7834768f4510968315422054e74e,Motion and Order for Discharge From Probation,0.0
4c3ef09f146843e8936b01c7b1b3d246,4dc487b22c6e4c5b9e7115911268f7ed,Binding Arbitration Award,0.07291666666666667
4c3ef09f146843e8936b01c7b1b3d246,466555b870654b678b1ea30729f69f23,Order on Petition to Discontinue Sex Offender Registration,0.0
4c3ef09f146843e8936b01c7b1b3d246,c1d467021d4e4a0b8586dfc74a9b03e8,Assignment to Youthful Trainee Status,0.010638297872340425
4c3ef09f146843e8936b01c7b1b3d246,2d7ac948d58747e3a0790b9239f0b788,Addendum to Protected Personal Identifying Information,0.0
4c3ef09f146843e8936b01c7b1b3d246,5e8a67dd7053402186f9ca158a1b0619,Advice of Rights after Order Terminating Parental Rights (Juvenile Code),0.0
4c3ef09f146843e8936b01c7b1b3d246,771173f999a84897ac463ff96b0e2426,"Affidavit and Claim, Small Claims",0.0
4c3ef09f146843e8936b01c7b1b3d246,817ed149d5cd4270b06c5cbeac84aa6c,Answer to Complaint to Recover Possession of Property,0.0
4c3ef09f146843e8936b01c7b1b3d246,f3b03706d83e4c08b4f178da7d0c6bef,"Appeal of Suspension, Revocation, or Denial of Driver’s License",0.0
4c3ef09f146843e8936b01c7b1b3d246,155c0c343a5f456fb99945fa5759913f,Notice Regarding Eligibility for Early Discharge From Probation,0.0
4c3ef09f146843e8936b01c7b1b3d246,ff52ad38fb624afaa317c72a092197de,"Complaint, Claim and Delivery",0.0
4c3ef09f146843e8936b01c7b1b3d246,8e9a260e9a904dd49e98257c383eeafb,Claim of Interest on Vehicle Seized for Forfeiture,0.0
4c3ef09f146843e8936b01c7b1b3d246,8026f3a8e28541d8a8bfcc5e3ca8c7d2,Petition to Discontinue Sex Offender Registration,0.0
4c3ef09f146843e8936b01c7b1b3d246,0b73aa63f8334a5aab77e4ad111ae9f2,"Commitment Order, Not Guilty by Reason of Insanity",0.0
0b73aa63f8334a5aab77e4ad111ae9f2,346d754e93274e83bfa8e73e0c651b1d,Answer to Complaint to Recover Possession of Property,0.1095890410958904
0b73aa63f8334a5aab77e4ad111ae9f2,92df7834768f4510968315422054e74e,Motion and Order for Discharge From Probation,0.2
0b73aa63f8334a5aab77e4ad111ae9f2,4dc487b22c6e4c5b9e7115911268f7ed,Binding Arbitration Award,0.021052631578947368
0b73aa63f8334a5aab77e4ad111ae9f2,466555b870654b678b1ea30729f69f23,Order on Petition to Discontinue Sex Offender Registration,0.30612244897959184
0b73aa63f8334a5aab77e4ad111ae9f2,c1d467021d4e4a0b8586dfc74a9b03e8,Assignment to Youthful Trainee Status,0.36923076923076925
0b73aa63f8334a5aab77e4ad111ae9f2,2d7ac948d58747e3a0790b9239f0b788,Addendum to Protected Personal Identifying Information,0.12307692307692308
0b73aa63f8334a5aab77e4ad111ae9f2,5e8a67dd7053402186f9ca158a1b0619,Advice of Rights after Order Terminating Parental Rights (Juvenile Code),0.14516129032258066
0b73aa63f8334a5aab77e4ad111ae9f2,771173f999a84897ac463ff96b0e2426,"Affidavit and Claim, Small Claims",0.08196721311475409
0b73aa63f8334a5aab77e4ad111ae9f2,817ed149d5cd4270b06c5cbeac84aa6c,Answer to Complaint to Recover Possession of Property,0.10810810810810811
0b73aa63f8334a5aab77e4ad111ae9f2,f3b03706d83e4c08b4f178da7d0c6bef,"Appeal of Suspension, Revocation, or Denial of Driver’s License",0.1509433962264151
0b73aa63f8334a5aab77e4ad111ae9f2,155c0c343a5f456fb99945fa5759913f,Notice Regarding Eligibility for Early Discharge From Probation,0.2727272727272727
0b73aa63f8334a5aab77e4ad111ae9f2,ff52ad38fb624afaa317c72a092197de,"Complaint, Claim and Delivery",0.22727272727272727
0b73aa63f8334a5aab77e4ad111ae9f2,8e9a260e9a904dd49e98257c383eeafb,Claim of Interest on Vehicle Seized for Forfeiture,0.2
0b73aa63f8334a5aab77e4ad111ae9f2,8026f3a8e28541d8a8bfcc5e3ca8c7d2,Petition to Discontinue Sex Offender Registration,0.19298245614035087
