id,jurisdiction,source,title,group,url,filename,downloaded,pages,fields,f_per_p,reading
ed1efd08e3304bdaa887db753509d666,UT,www.utcourts.gov,Community Service Worksheet Third District Juvenile Court  ,3rd District Juvenile Court: Forms and Pamphlets,https://www.utcourts.gov/courts/juv/juvsites/3rd/forms/COMMUNITY%20SERVICE%20WORKSHEET-FRONT%20AND%20BACK.pdf,COMMUNITY%20SERVICE%20WORKSHEET-FRONT%20AND%20BACK.pdf,2021-11-03,2,[],0.0,10
28ab1fb8df5c477cb4353e44f6d5a404,UT,www.utcourts.gov,Third District Juvenile Court Work Program Referral ,3rd District Juvenile Court: Forms and Pamphlets,https://www.utcourts.gov/courts/juv/juvsites/3rd/forms/Work_Crew_Application-2007.pdf,Work_Crew_Application-2007.pdf,2021-11-03,2,[],0.0,11
279083cdac044d22b873a6a6ab8d9a14,UT,www.utcourts.gov,Utah State District Juvenile Court Probation Order ,3rd District Juvenile Court: Forms and Pamphlets,https://www.utcourts.gov/courts/juv/juvsites/3rd/common/Probation%20Order%20revised.050502.pdf,Probation%20Order%20revised.050502.pdf,2021-11-03,5,[],0.0,15
ebad2caa6be0458d9e5c75635a7f66c2,UT,www.utcourts.gov,Adoptee's Consent to Adoption and Waiver of Rights ,Adopting a Minor Stepchild,https://www.utcourts.gov/howto/family/adoption/stepchild/docs/02_Consent_Adoptee.pdf,02_Consent_Adoptee.pdf,2021-11-03,3,[],0.0,10
92932e4f938440ce8b93b6434aedfc3d,UT,www.utcourts.gov,Adoption Agreement ,Adopting a Minor Stepchild,https://www.utcourts.gov/howto/family/adoption/stepchild/docs/08_Agreement.pdf,08_Agreement.pdf,2021-11-03,1,[],0.0,11
3bd98d56bbbe4d58b317a02d0f563f15,UT,www.utcourts.gov,Adoption Decree ,Adopting a Minor Stepchild,https://www.utcourts.gov/howto/family/adoption/stepchild/docs/10_Decree.pdf,10_Decree.pdf,2021-11-03,2,[],0.0,9
7a95ef55326f4ad199c485acc98cdb5f,UT,www.utcourts.gov,Birth Mother's Consent to Adoption and Waiver of Rights ,Adopting a Minor Stepchild,https://www.utcourts.gov/howto/family/adoption/stepchild/docs/03_1_Consent_Birth_Mother.pdf,03_1_Consent_Birth_Mother.pdf,2021-11-03,4,[],0.0,11
aa81b9bd14e446dbad87ccac1576f76a,UT,www.utcourts.gov,Certificate of Readiness for Adoption Hearing ,Adopting a Minor Stepchild,https://www.utcourts.gov/howto/family/adoption/stepchild/docs/07_Certificate_Readiness.pdf,07_Certificate_Readiness.pdf,2021-11-03,3,[],0.0,19
61a044e778024448b48447764752c374,UT,www.utcourts.gov,Ex Parte Motion for Alternative Service ,Adopting a Minor Stepchild,https://www.utcourts.gov/howto/family/adoption/stepchild/docs/13_Motion_Alternative_Service.pdf,13_Motion_Alternative_Service.pdf,2021-11-03,3,[],0.0,10
782b0e4f0ce240ffb11973034cb87ec0,UT,www.utcourts.gov,Findings of Fact and Conclusions of Law ,Adopting a Minor Stepchild,https://www.utcourts.gov/howto/family/adoption/stepchild/docs/09_Finding_Conclusions.pdf,09_Finding_Conclusions.pdf,2021-11-03,5,[],0.0,9
346d754e93274e83bfa8e73e0c651b1d,MI,www.courts.michigan.gov,Answer to Complaint to Recover Possession of Property,LTLC forms,https://www.courts.michigan.gov/4a205c/siteassets/forms/scao-approved/dc111cnoinstructions.pdf,dc111cnoinstructions.pdf,2021-11-03,2,"['STATE OF MICHIGAN JUDICIAL DISTRICT', 'CASE NO', 'Plaintiff names addresses and telephone nos', 'Defendant names addresses and telephone nos', 'Plaintiffs attorney bar no address and telephone no', 'Defendants attorney bar no address and telephone no', '1 I demand a jury trial', 'agree that', 'disagree that', 'do not know whether', 'agree that_2', 'disagree that_2', 'do not know whether_2', 'agree that_3', 'disagree that_3', 'do not know whether_3', '6 I', 'agree that_4', 'disagree that_4', 'do not know whether_4', '7 I', 'agree that_5', 'disagree that_5', 'do not know whether_5', '8 I', 'agree that_6', 'disagree that_6', 'agree', 'disagree', '10 I', 'agree_2', 'disagree_2', 'Date', 'Date_2', 'Text1', 'Text2', 'Text3', 'Text4', 'Text5', 'Text6', 'Text7', 'Text8', 'Text9', 'Text10', 'Text11', 'Text12', 'Text13']",23.5,7
57f56df055254cde9ecd9ce217b9dca3,MI,www.courts.michigan.gov,Addendum A to Verified Declaration About Paternity (Father's Name and Whereabouts Known),adoptions court forms,https://www.courts.michigan.gov/49c512/siteassets/forms/scao-approved/pca356a.pdf,pca356a.pdf,2021-11-03,1,"['STATE OF MICHIGAN JUDICIAL CIRCUIT  FAMILY DIVISION COUNTY', 'FILE NO', 'Full legal name', 'Date of birth', 'Physical description', 'Address', 'Telephone no', 'Email address', '2 Why do you believe this man to be a possible father of the child 1', '2 Why do you believe this man to be a possible father of the child 2', '2 Why do you believe this man to be a possible father of the child 3', '3 Write a brief history of your relationship with the father 1', '3 Write a brief history of your relationship with the father 2', '3 Write a brief history of your relationship with the father 3', '3 Write a brief history of your relationship with the father 4', '3 Write a brief history of your relationship with the father 5', '4 State the approximate date and place of conception', 'Text1', 'Check Box2', 'Check Box3', 'Check Box4', 'Check Box5', 'Check Box6', 'Check Box7', 'Check Box8', 'Check Box9']",26.0,6
5e89ca0faf59435d9d668abe9704b37f,MI,www.courts.michigan.gov,"14-Day Notice, Traffic",motor vehicle offenses forms,https://www.courts.michigan.gov/4a70d4/siteassets/forms/scao-approved/mc216.pdf,mc216.pdf,2021-11-03,1,[],0.0,14
92df7834768f4510968315422054e74e,MI,www.courts.michigan.gov,Motion and Order for Discharge From Probation,probation,https://www.courts.michigan.gov/4a2d6f/siteassets/forms/scao-approved/mc245m_245o.pdf,mc245m_245o.pdf,2021-11-03,2,"['Date', 'Probation officer', 'were', 'did', 'did_2', 'did_3', 'a Drug treatment court and', 'b Veterans treatment court and', 'c Mental health treatment court and', 'were not', 'did not', 'did not_2', 'did not_3', '2 The defendants behavior warrants an early discharge from probation', '4 The plea or finding of guilt under the', '5 The defendant is released from the status of Youthful Trainee under the Holmes Youthful Trainee Act MCL 76214', '6 The plea or finding of guilt under the Michigan Liquor Control Code Minor in Possession MCL 4361703 is set', 'Controlled Substance Act MCL 3337411', 'Drug Treatment Court MCL 6001076', 'Veterans Treatment Court MCL 6001206', 'Mental Health Treatment Court MCL 6001095', 'Parental Kidnapping Act MCL 750350a', 'Penal Code Practicing under Influence MCL 750430', 'Spouse Abuse Act MCL 7694a', 'Penal Code Human Trafficking Victim MCL 750451c', 'Text9', 'Text1', 'Offense', 'Text2', 'Text3', 'CASE NO', 'Judge', 'Text6', 'Text7', 'Text8', 'Text5', 'The State of Michigan', 'checkbox1', 'Defendants name address and telephone no', 'undefined_2', 'CTNTCN', 'SID', 'Date of probation', 'Term of probation']",22.0,9
79bda242486243a5ba8e6496b4e80305,MI,www.courts.michigan.gov,"Bond, Claim and Delivery",claim and delivery,https://www.courts.michigan.gov/4a2da7/siteassets/forms/scao-approved/mc38.pdf,mc38.pdf,2021-11-03,1,"['disno', 'cirno', 'county', 'caseno', 'judge', 'address', 'telno', 'pname', 'paddress', 'paname', 'pabarno', 'paaddress', 'ptelno', 'dname', 'daddress', 'dname1', 'daddress1', 'dname2', 'daddress2', 'bondamt', 'prinname', 'surety1', 'bdate', 'Check Box1', 'Check Box2', 'Check Box3', 'Check Box4', 'Check Box6', 'Check Box5', 'Check Box7']",30.0,18
e5e3527acd804e7581f86e14fd41f86c,MI,www.courts.michigan.gov,Ex Parte Petition Regarding Voluntary Foster Care Agreement,young adult foster care forms,https://www.courts.michigan.gov/4a800a/siteassets/forms/scao-approved/ccfd20.pdf,ccfd20.pdf,2021-11-03,1,"['county', 'FILE NO', 'Name of youth', 'DOB', 'Race', 'Gender', 'Current address', 'Date', 'legalcustodian', 'youth', 'jurisdiction', 'case number', 'Date_3', 'Name type or print', 'Address', 'city', 'phone', 'Date_2', 'textbox1']",19.0,17
2e7026e651ec49cdbdb0fc12c6e5322b,MI,www.courts.michigan.gov,Affidavit Concerning Financial Status- Leave to Appeal Granted by Supreme Court,appeals,https://www.courts.michigan.gov/4a7fed/siteassets/forms/scao-approved/cc293.pdf,cc293.pdf,2021-11-03,1,"['cirno', 'county', 'caseno', 'address', 'telno', 'dname', 'ename', 'employed', 'income', 'assets', 'obligations', 'gross', 'net', 'judge', 'prisonno', 'depno', 'date1', 'date2', 'county1', 'county2', 'dependents', 'checkbox2', 'checkbox3', 'checkbox4', 'checkbox5', 'checkbox6', 'checkbox7', 'checkbox8', 'checkbox9', 'checkbox1', 'checkbox11', 'checkbox10', 'checkbox12']",33.0,16
eba8650fd6f24b7990f5678e34671dca,MI,www.courts.michigan.gov,Final Statement on Garnishment of Periodic Payments,garnishment,https://www.courts.michigan.gov/4a7f4b/siteassets/forms/scao-approved/mc48.pdf,mc48.pdf,2021-11-03,1,"['STATE OF MICHIGAN JUDICIAL DISTRICT JUDICIAL CIRCUIT', 'CASE NO', 'Plaintiffs name and address judgment creditor', 'Defendants name and address judgment debtor', 'Plaintiffs attorney bar no address and telephone no', 'Garnishees name and address', 'undefined', 'Date of statement', 'Date', 'Date_2', 'Date_3', 'Date_4', 'Text1', 'Text2', 'Text3', 'Text4']",16.0,17
618f7e9a1a704401a9ea590f16b79dae,MI,www.courts.michigan.gov,Acceptance of Receivership Appointment (Receivership Estate),General Civil forms,https://www.courts.michigan.gov/4a3c82/siteassets/forms/scao-approved/mc440.pdf,mc440.pdf,2021-11-03,1,"['CASE NO', 'Plaintiffs names addresses and telephone nos', 'Plaintiffs attorney bar no address and telephone no', 'Defendants names addresses and telephone nos', 'Defendants attorney bar no address and telephone no', 'Probate', 'In the matter of', 'Date', 'Name type or print', 'Address', 'City state zip', 'Telephone no', 'Date_2', 'Text1', 'Text2', 'Text3', 'Text4', 'Text5']",18.0,12
8c92840f217849f3a1f04b9ee8298d4e,MI,www.courts.michigan.gov,Application and Ex Parte Order to File Lien on Real Property Subject to Forfeiture,forfeiture,https://www.courts.michigan.gov/4a2bfa/siteassets/forms/scao-approved/dc42.pdf,dc42.pdf,2021-11-03,1,"['STATE OF MICHIGAN JUDICIAL DISTRICT', 'CASE NO', 'Text12', 'Text13', 'The People of the State of Michigan', 'The People of', 'undefined', 'In the matter of', 'undefined_2', 'Defendant name address and telephone no', 'attorney general', 'prosecuting attorney', 'citytownship attorney for', 'and I state', 'Description', 'undefined_4', 'is subject to forfeiture based upon the following reasons', 'a the property is the proceeds of a crime', 'Date', 'Text1', 'Subscribed and sworn to before me on', 'County Michigan', 'Date_2', 'Notary public', 'attorney for', 'reasons 2', 'b the property is the substituted proceeds of a crime', '2c']",28.0,17
4dc487b22c6e4c5b9e7115911268f7ed,MI,www.courts.michigan.gov,Binding Arbitration Award,Alternative dispute res,https://www.courts.michigan.gov/4a2c39/siteassets/forms/scao-approved/mc284.pdf,mc284.pdf,2021-11-03,3,"['witnesses', 'exhibits', 'disno', 'cirno', 'county', 'caseno', 'address', 'telno', 'pname', 'dname', 'probate', 'casename', 'findings', 'conclusions', 'reliefbasis', 'comments', 'odate', 'barno', 'for', 'against', 'obasis', 'damages', 'costs', 'otheramt', 'total', 'claimother', 'injuryspec', 'nospec', 'relief', 'maildate', 'approved', 'aother', 'intamt', 'astat', 'srate', 'smorate', 'persr', 'persmo', 'persmo1', 'edater1', 'sdater1', 'sdater', 'edater', 'edater2', 'sdater2', 'Text5', 'Text6', 'Text7', 'Text8', 'probate1', 'probate3', 'probate4', 'probate5', 'probate6', 'Text9', 'nat1', 'nat2', 'nat3', 'nat4', 'nat5', 'nat6', 'probate2', 'nat7']",21.0,17
466555b870654b678b1ea30729f69f23,MI,www.courts.michigan.gov,Order on Petition to Discontinue Sex Offender Registration,Offender Registration,https://www.courts.michigan.gov/4a2e29/siteassets/forms/scao-approved/mc406b.pdf,mc406b.pdf,2021-11-03,1,"['CASE NO', 'Defendants name address and telephone no', 'undefined_2', 'undefined_3', 'CTNTCN', 'SID', 'DOB', 'Juvenile name DOB aliases', 'Date of convictionadjudication', 'Charge', 'a The defendant is a Tier I offender and at least 10 years have passed since the defendant was convicted or released', 'b The defendant is a Tier III offender and at least 25 years have passed since the defendant was adjudicated or released', 'c The defendant was convicted of an offense listed in MCL 28722s u or w and the conviction was for an offense', 'd The defendant was convicted of a violation of MCL 750158 750338 750338a 750338b or 750520c1i as a result', 'e The defendant was registered under the Sex Offenders Registration Act before July 1 2011 for an offense that required', 'f The defendant was adjudicated as a juvenile for an offense listed in MCL 28722s u or w and was less than 14', '3 the defendant was ordered to complete a sex offender treatment program and successfully completed that program', '3 the defendant was ordered to complete a sex offender treatment program and successfully completed that program_2', '2 The requirement for sex offender registration is discontinued', '3 The petition to discontinue sex offender registration is denied', 'Date', 'Bar no', 'Text1', 'Text2', 'Text3', 'Text4', 'Text5', 'Text6', 'The State of Michigan', 'checkbox']",30.0,15
99a12e3dc82d48a1a7e355f04c737567,MI,www.courts.michigan.gov,Acceptance of Appointment,Estates Trusts,https://www.courts.michigan.gov/4a7fd7/siteassets/forms/scao-approved/pc571.pdf,pc571.pdf,2021-11-03,1,"['STATE OF MICHIGAN PROBATE COURT COUNTY', 'First middle and last name', 'Type of fiduciary', 'undefined', 'not to exceed 91 days', 'Describe real property or business interest', 'the following real estate or ownership interest in a business entity 1', 'the following real estate or ownership interest in a business entity 2', 'the following real estate or ownership interest in a business entity 3', 'the following real estate or ownership interest in a business entity 4', 'Date', 'Attorney name type or print', 'Bar no', 'Name type or print', 'Attorney Address', 'Address', 'City state zip', 'Telephone no', 'City state zip_2', 'Telephone no_2', 'CASE NO', 'Judge', 'Text2', 'Text3', 'Text4']",25.0,11
e74b40b7d9a0405eba69342564ecdb98,MI,www.courts.michigan.gov,Clerk's Certificate of Sale of Real Estate Pursuant to Judgment,Mortgage foreclosure,https://www.courts.michigan.gov/4a2cc8/siteassets/forms/scao-approved/cc116.pdf,cc116.pdf,2021-11-03,1,"['cirno', 'county', 'caseno', 'address', 'telno', 'pname', 'paddress', 'dname', 'daddress', 'jdate', 'jdate1', 'plaintiffs', 'defendants', 'property', 'soldto', 'amount', 'conveydate', 'percent', 'ndate']",19.0,21
c1d467021d4e4a0b8586dfc74a9b03e8,MI,www.courts.michigan.gov,Assignment to Youthful Trainee Status,Criminal disposition forms,https://www.courts.michigan.gov/4a8195/siteassets/forms/scao-approved/mc242.pdf,mc242.pdf,2021-11-03,2,"['STATE OF MICHIGAN JUDICIAL DISTRICT JUDICIAL CIRCUIT', 'undefined_2', 'Defendants name address and telephone no', 'CTNTCN', 'SID', 'DOB', 'CountRow1', 'CRIMERow1', 'CHARGE CODES MCL citationPACC CodeRow1', 'CountRow2', 'CRIMERow2', 'CHARGE CODES MCL citationPACC CodeRow2', 'CountRow3', 'CRIMERow3', 'CHARGE CODES MCL citationPACC CodeRow3', 'and prosecuting attorney for ages 2124', '4 HIV testing and sex offender registration are completed', '5 The defendant has been fingerprinted according to MCL 28243', '6 No judgment of conviction is entered The defendant is assigned to youthful trainee status and is  check one option only', 'a committed to the department of corrections for custodial supervision and training for a period of', 'b placed on probation for not more than 3 years under the supervision of a department of corrections probation officer', 'c placed on probation for not more than 2 years under the supervision of a probation officer and shall abide by the terms', 'd committed to the county jail for', 'e other', 'The defendant is also placed on probation', 'days beginning', 'Credit is given for', 'days', 'seeking work', 'working at regular employment', 'attendance at an educational institution', 'The defendant is also placed on probation to be completed after release from incarceration for a term not more than', 'Text2', 'Text3', 'Text4', 'Text5', 'The State of Michigan', 'Checkbox', 'Text6', 'Text7', 'The defendant shall serve', 'immediately to request a payment alternative MCR 6425E3', 'fill_27', 'Fine costs and fees not paid within 56 days of the due date', 'fill_28', 'fill_29', 'fill_30', 'fill_31', 'fill_34', 'fill_32', 'fill_33', 'CASE NO', 'Judge', 'Text1', 'county']",27.5,10
edf42f1a19c44e0caf5d37225545091f,MI,www.courts.michigan.gov,Instructions for Personal Protection Orders (8 page booklet),PPO,https://www.courts.michigan.gov/4a3195/siteassets/forms/scao-approved/p02.pdf,p02.pdf,2021-11-03,8,[],0.0,11
111cdc811c1a4c67b4a7ac783163565e,MI,www.courts.michigan.gov,Minor's Consent to Change Name,name change,https://www.courts.michigan.gov/4a2f51/siteassets/forms/scao-approved/pc51b.pdf,pc51b.pdf,2021-11-03,1,"['FILE NO', 'Present first name middle name and last name type or print', 'Date', 'Date_2', 'Date_3', 'Judge', 'Bar no', 'Judicial Circuit', 'County']",9.0,
2d7ac948d58747e3a0790b9239f0b788,MI,www.courts.michigan.gov,Addendum to Protected Personal Identifying Information,general use,https://www.courts.michigan.gov/4a751c/siteassets/forms/scao-approved/mc97a.pdf,mc97a.pdf,2021-11-03,1,"['PlaintiffsPetitioners name', 'DefendantsRespondents name', 'In the matter of', 'Name of formdocument that this MC 97a is being filed with 1', 'Name of formdocument that this MC 97a is being filed with 2', 'Name', 'DOB', 'Other', 'Name_2', 'DOB_2', 'Other_2', 'Name_3', 'DOB_3', 'Other_3', 'Name_4', 'DOB_4', 'Other_4', 'Name_5', 'DOB_5', 'Other_5', 'Name_6', 'DOB_6', 'Other_6', 'Name_7', 'DOB_7', 'Other_7', 'Name_8', 'DOB_8', 'Other_8', 'Name_9', 'DOB_9', 'Other_9', 'Text1', 'Text2', 'Text3', 'CASE NO', 'Judge', 'Text5', 'Text6']",39.0,10
60b4e1e1791147a0a9344e4477879507,MI,www.courts.michigan.gov,Acceptance of Appointment (Juvenile Guardian),juvenile guardianship forms,https://www.courts.michigan.gov/4a7f63/siteassets/forms/scao-approved/jc92.pdf,jc92.pdf,2021-11-03,1,"['STATE OF MICHIGAN JUDICIAL CIRCUIT  FAMILY DIVISION COUNTY', 'First and last name of childjuvenile', 'Date', 'Name type or print', 'Address', 'City state zip', 'Telephone no', 'Petition no', 'Text3', 'Text4', 'Text5', 'CASE NO', 'Judge', 'County']",14.0,
5e8a67dd7053402186f9ca158a1b0619,MI,www.courts.michigan.gov,Advice of Rights after Order Terminating Parental Rights (Juvenile Code),juvenile proceedings,https://www.courts.michigan.gov/4a7d5b/siteassets/forms/scao-approved/jc44.pdf,jc44.pdf,2021-11-03,2,"['STATE OF MICHIGAN JUDICIAL CIRCUIT  FAMILY DIVISION COUNTY', 'First and last name of children', 'Date', 'Date of mailingservice', 'Name please print', 'Address', 'City state and zip', 'Telephone no', 'undefined', 'undefined_2', 'undefined_3', 'undefined_4', 'Single', 'Married', 'Divorced', 'Separated', 'Dependents', 'Number', '3 INCOME a Employer name and address', 'b Length of employment', 'weekly', 'monthly', 'every two weeks', 'Net', 'undefined_5', 'd Other income state monthly amount and source MDHHS VA rent pensions spouse unemployment child support etc', '4 ASSETS State value of car home bank deposits bonds stocks etc', '5 OBLIGATIONS Itemize monthly rent installment payments mortgage payments child support etc', 'Date_2', 'Text1', 'Petition no', 'Judge', 'Text4', 'Text5', 'Text6', 'Text7', 'CASE NO']",18.5,11
93d1e15397f5407dbbb7ba812b3dc6ff,MI,www.courts.michigan.gov,21-Day Notice to Alleged Violator of Custody or Parenting Time Provisions,Domestic Relations,https://www.courts.michigan.gov/4a7e47/siteassets/forms/scao-approved/foc16.pdf,foc16.pdf,2021-11-03,1,"['Plaintiffs name address and telephone no', 'Defendants name address and telephone no', 'TO', '1 Date of notice', 'CASE NO', 'Text1', 'Text2', 'Text3', 'Text4', 'Text5', 'Check Box1']",11.0,8
4919983396ab44e79c0b501a16d27818,MI,www.courts.michigan.gov,Acceptance of Appointment and Report of Guardian Ad Litem,conservatorship protected individuals,https://www.courts.michigan.gov/4a7faf/siteassets/forms/scao-approved/pc643.pdf,pc643.pdf,2021-11-03,2,"['county', 'fileno', 'casename', 'name', 'report', 'recommend', 'rdate', 'galname', 'galaddress', 'galcity', 'galtelno']",5.5,30
72bf7091eb37479c9815a078c0871f53,MI,www.courts.michigan.gov,Appeal of Order Denying Petition for Waiver of Parental Consent,Abortion Waiver,https://www.courts.michigan.gov/4a7de8/siteassets/forms/scao-approved/pc121.pdf,pc121.pdf,2021-11-03,2,"['cirno', 'county', 'caseno', 'judge', 'pname', 'hdate', 'htime']",3.5,26
5b6bfc53fbf143fba1c3073c9c139b36,MI,www.courts.michigan.gov,"Advice of Rights and Plea Information (also available in Arabic, Chinese, Hmong, Korean, Russian, and Spanish)",forms criminal misdemeanor,https://www.courts.michigan.gov/4a7ffb/siteassets/forms/scao-approved/dc213.pdf,dc213.pdf,2021-11-03,1,"['STATE OF MICHIGAN JUDICIAL DISTRICT', 'CASE NO', 'Date', 'Defendant name print', 'Address', 'City state zip', 'Telephone no', 'Text1', 'Text2']",9.0,8
6935432a5c654eabbf8bc2b5827a9cb0,MI,www.courts.michigan.gov,Order Following Hearing on Petition for Emancipation,emancipation,https://www.courts.michigan.gov/4aa6d8/siteassets/forms/scao-approved/pc101.pdf,pc101.pdf,2021-11-03,2,"['Text3', 'Minors Social Security No', 'STATE OF MICHIGAN JUDICIAL CIRCUIT  FAMILY DIVISION COUNTY', '8 The petition is denied', 'Text1', 'Text4', '5 Necessary conditions for emancipation do not exist', '6 Emancipation should be ordered because all of the following conditions have been established by a preponderance', '7 The petition is granted and', 'Name', 'CASE NO', 'Judge', 'First middle and last name of minor', 'parents', 'guardian']",7.5,9
437bc6511dbc4e5db394f6dd81b4f1f0,MI,www.courts.michigan.gov,Blank (does not contain SCAO approval),Collections Forms,https://www.courts.michigan.gov/4a3051/siteassets/forms/scao-approved/mc04.pdf,mc04.pdf,2021-11-03,1,"['court', 'title', 'caseno', 'judge', 'address', 'telno', 'details']",7.0,
aad2d3cbd23c4c3abd22aaa74ec122a6,MI,www.courts.michigan.gov,Affidavit to Accompany Petition for Transport and/or Temporary Detention,commitment testing ID,https://www.courts.michigan.gov/4a2c7f/siteassets/forms/scao-approved/pc109.pdf,pc109.pdf,2021-11-03,1,"['cirno', 'county', 'caseno', 'casename', 'name', 'disease', 'facts', 'facts1', 'services', 'item4', 'facts2', 'affname', 'affaddress', 'afftelno', 'adate', 'affcity', 'county1', 'sdate1', 'sdate2']",19.0,33
dc7f4398616f4e83b1aab16a630a2886,MI,www.courts.michigan.gov,Certificate of Legal Counsel/Waiver of Attendance,MH Forms,https://www.courts.michigan.gov/4a78ba/siteassets/forms/scao-approved/pcm223.pdf,pcm223.pdf,2021-11-03,1,"['county', 'cirno', 'caseno', 'casename', 'hdate', 'htime', 'location', 'judge', 'cdate', 'abarno', 'aname', 'aaddress', 'acity', 'atelno', 'wdate']",15.0,18
57a2acdbc28e4869a463885bc193202e,MI,www.courts.michigan.gov,Acceptance of Appointment and Report of Guardian Ad Litem of Alleged Incapacitated Individual,guardianship,https://www.courts.michigan.gov/4a7d30/siteassets/forms/scao-approved/pc627.pdf,pc627.pdf,2021-11-03,2,"['STATE OF MICHIGAN PROBATE COURT COUNTY OF', 'FILE NO', 'First middle and last name', 'Date', 'Location', 'a the alleged incapacitated individual wishes to', 'b There is a disagreement or dispute related to the guardianship namely', 'c There is one or more appropriate alternative to a full guardianship namely', 'd The alleged incapacitated individual wishes to be present at the hearing', 'e I believe it is in the best interests of the individual to have legal counsel because', 'have limits placed on the guardians powers', 'contest the petition', 'object to the appointment of the nominated guardian', 'have an attorney appointed', 'donotresuscitate order', 'POST physician orders for scope of treatment form', 'other', 'undefined', 'I believe it', 'might', 'will not', '1 appointment of a limited guardian with the following powers', '2 appointment of a conservator or a written protective order', '3 the alleged legally incapacitated individual executing one of the following', 'undefined_2', 'undefined_3', 'a patient advocate designation', 'a durable power of attorney', 'a donotresuscitate declaration', 'a physician orders for scope of treatment POST form', 'undefined_4', 'undefined_5', 'The individual will retain legal counsel', 'I recommend the court appoint legal counsel', '5 None of the items in item 4a above is demanded My report to the court and recommendations are attached', 'Date_2', 'Address', 'Name type or print', 'City state zip', 'Telephone no', 'Text1']",20.5,11
75fd7832893e497bac1da4b8f76709e3,MI,www.courts.michigan.gov,Advice of Rights (Circuit Court Plea),criminal felony forms,https://www.courts.michigan.gov/4a7e5b/siteassets/forms/scao-approved/cc291.pdf,cc291.pdf,2021-11-03,1,"['STATE OF MICHIGAN JUDICIAL CIRCUIT COUNTY', 'CASE NO', 'Date', 'Defendant name print', 'Address', 'City state zip', 'Telephone no', 'Text1', 'Text2', 'Text3', 'Text4']",11.0,14
eca8fea9620a4e1d96e885d554c16817,MI,www.courts.michigan.gov,Judgment of Conviction (Designated Case),juvenile designated forms,https://www.courts.michigan.gov/4aa421/siteassets/forms/scao-approved/jc70.pdf,jc70.pdf,2021-11-03,2,"['STATE OF MICHIGAN JUDICIAL CIRCUIT  FAMILY DIVISION COUNTY', 'In the matter of', 'CTNTCN', 'SID', '1 Date of trialhearing', 'prosecutor', 'court', 'was represented by an attorney', 'waived representation by an attorney', '5 The juvenile was found guilty on', 'CountRow1', 'CourtRow1', 'DISMISSED BYRow1', 'CRIMERow1', 'CHARGE CODES MCL citationPACC CODERow1', 'CountRow2', 'CourtRow2', 'DISMISSED BYRow2', 'CRIMERow2', 'CHARGE CODES MCL citationPACC CODERow2', 'CountRow3', 'CourtRow3', 'DISMISSED BYRow3', 'CRIMERow3', 'CHARGE CODES MCL citationPACC CODERow3', 'CountRow4', 'CourtRow4', 'DISMISSED BYRow4', 'CRIMERow4', 'CHARGE CODES MCL citationPACC CODERow4', 'has', 'has not', '8 Sentencing is set for', 'at', 'at_2', 'before Hon', '9 The juvenile shall report to the county sheriff within 24 hours for biometric data collection', 'continue in custody pursuant to the prior court order', 'continue to be released on bond pursuant to the prior court order', 'be released or placed in custody pursuant to the attached order', 'cooperate with and participate in services evaluations tests and the sentencing investigation as requested by the', '11 Other', 'Text1', 'Judge', 'Text3', 'Text4', 'Text5', 'Judge2', 'textbox101', 'textbox103', 'textbox104', 'Text7', 'textbox105', 'textbox106', 'textbox 107', 'textbox108', 'CASE NO', 'Text8']",29.0,9
7fb4bb4b51f94d599b7e46a5bc80fbfa,MI,www.courts.michigan.gov,Motion Objecting to DNA Identification Profile or Blood/Tissue Typing Summary Report,safe delivery newborn,https://www.courts.michigan.gov/4a2dd5/siteassets/forms/scao-approved/ccfd05.pdf,ccfd05.pdf,2021-11-03,1,"['cir', 'county', 'filenumber', 'name', 'box2a', 'box2b', 'date2', 'aname', 'abar', 'aaddress', 'citystatezip', 'atelno', 'pname', 'paddress', 'pcitystatezip', 'ptelno', 'date', 'text1']",18.0,26
a60e205ee14842118d90c4283c933ed7,MI,www.courts.michigan.gov,Case Evaluation Notice,case evaluation,https://www.courts.michigan.gov/4a2b1b/siteassets/forms/scao-approved/mc31.pdf,mc31.pdf,2021-11-03,2,"['disno', 'cirno', 'county', 'caseno', 'judge', 'address', 'telno', 'plaintiffs', 'defendants', 'probate', 'pcase', 'aname1', 'hdate', 'name1', 'serv1', 'htime', 'aname2', 'location1', 'location2', 'name2', 'serv2', 'aname3', 'mediator1', 'mbarno1', 'mediator2', 'name3', 'serv3', 'mbarno2', 'aname4', 'mediator3', 'mbarno3', 'name4', 'serv4', 'time', 'adrclerk', 'specifyother', 'specify', 'amount', 'payable', 'info2', 'ndate', 'maildate']",21.0,19
771173f999a84897ac463ff96b0e2426,MI,www.courts.michigan.gov,"Affidavit and Claim, Small Claims",small claims,https://www.courts.michigan.gov/4a7fd4/siteassets/forms/scao-approved/dc84.pdf,dc84.pdf,2021-11-03,4,"['STATE OF MICHIGAN JUDICIAL DISTRICT', 'See additional notice and instructions on page 3', 'Plaintiff', 'Address', 'The plaintiff and the defendant must be in court on', 'City state zip', 'Date', 'at', 'Defendant', 'Time', 'Address_2', 'Location', 'undefined', 'undefined_2', 'this court', 'undefined_3', 'complaint has been previously filed in', 'Court', 'remains', 'is no longer', 'the plaintiff or hisher guardian conservator or next friend', 'a partner', 'a fulltime employee of the plaintiff', 'an individual', 'a partnership', 'a corporation', 'a sole proprietor', 'undefined_4', 'undefined_5', 'an individual_2', 'a partnership_2', 'a corporation_2', 'a sole proprietor_2', 'undefined_6', 'undefined_7', 'undefined_8', 'Attach separate sheets if necessary', 'They are not part of the amount claimed', '9 The reasons for the claim are 1', '9 The reasons for the claim are 2', '9 The reasons for the claim are 3', 'is', 'is not', 'is_2', 'is not_2', 'I do not know whether the defendant is in the military service', 'The defendant is in the military service', 'The defendant is not in the military service', 'Subscribed and sworn to before me on', 'My commission expires on', 'undefined_9', 'Notary public State of Michigan County of', 'Acting in the County of', 'undefined_10', 'This notarial act was performed using an electronic notarization system or a remote electronic notarization platform', 'The defendants must be served by', 'I served', 'personally', 'by registered or certified mail copy of return receipt attached a copy of the affidavit', 'I have attempted to serve the affidavit and claim and have been unable to complete service on', 'Defendants name', 'Date and time of service', 'Place or address of service', 'Attachments if any', 'Service fee', 'Name type or print', 'TOTAL FEE', 'Title if applicable', 'Date_2', 'undefined_11', 'Name type or print_2', 'undefined_12', 'Acting in the County of_2', 'undefined_13', 'This notarial act was performed using an electronic notarization system or a remote electronic notarization platform_2', 'Attachments', 'Date and time', 'on behalf of', 'Judge', 'Text2', 'Text3', 'Text4', 'textbox100', 'Text5', 'Text6', 'CASE NO', 'Text7', 'Text8', 'Text9', 'Text10', 'Text11', 'Text12', 'Text13', 'Text14', 'checkbox2', 'the court address above', 'checkbox3', 'Form Instructions']",24.5,9
e0d2111417fa409fa47ac26196f1b0c9,MI,www.courts.michigan.gov,"14-Day Notice, Civil Infraction",civil infraction,https://www.courts.michigan.gov/4a72d9/siteassets/forms/scao-approved/cia03.pdf,cia03.pdf,2021-11-03,1,"['STATE OF MICHIGAN JUDICIAL DISTRICT', 'Civil Infraction', 'Infraction date', 'of', 'State', 'Twp', 'City', 'Village', 'Statute', 'Ordinance', 'Vehicle Plate No', 'Date of Notice', 'CASE NO', 'Judge', 'Text2', 'Text3', 'Amount due', 'textbox1000']",18.0,9
817ed149d5cd4270b06c5cbeac84aa6c,MI,www.courts.michigan.gov,Answer to Complaint to Recover Possession of Property,LTLC forms,https://www.courts.michigan.gov/4a7a08/siteassets/forms/scao-approved/dc111c.pdf,dc111c.pdf,2021-11-03,1,"['STATE OF MICHIGAN JUDICIAL DISTRICT', 'CASE NO', 'Plaintiff names addresses and telephone nos', 'Defendant names addresses and telephone nos', 'Plaintiffs attorney bar no address and telephone no', 'Defendants attorney bar no address and telephone no', '1 I demand a jury trial', 'agree that', 'disagree that', 'do not know whether', 'agree that_2', 'disagree that_2', 'do not know whether_2', 'agree that_3', 'disagree that_3', 'do not know whether_3', '6 I', 'agree that_4', 'disagree that_4', 'do not know whether_4', '7 I', 'agree that_5', 'disagree that_5', 'do not know whether_5', '8 I', 'agree that_6', 'disagree that_6', 'agree', 'disagree', '10 I', 'agree_2', 'disagree_2', 'Date', 'Date_2', 'Text1', 'Text2', 'Text3', 'Text4', 'Text5', 'Text6', 'Text7', 'Text8', 'Text9', 'Text10', 'Text11', 'Text12', 'Text13', 'Form Instructions']",48.0,7
0b94f97a29d6402cbcdf01fa606d750a,MI,www.courts.michigan.gov,"Addendum B to Verified Declaration About Paternity (Father's Name Known, but Whereabouts Unknown)",adoptions court forms,https://www.courts.michigan.gov/4a278e/siteassets/forms/scao-approved/pca356b.pdf,pca356b.pdf,2021-11-03,1,"['STATE OF MICHIGAN JUDICIAL CIRCUIT  FAMILY DIVISION COUNTY', 'FILE NO', 'Full legal name', 'Date of birth', 'Physical description', 'Address', 'Telephone no', 'Email address', 'Any other information you can provide that may lead to the fathers whereabouts For example Facebookother social media site employer school', 'Names and addresses of friends or family members', '2 Why do you believe this man to be a possible father of the child 1', '2 Why do you believe this man to be a possible father of the child 2', '3 Write a brief history of your relationship with the father 1', '3 Write a brief history of your relationship with the father 2', '3 Write a brief history of your relationship with the father 3', '3 Write a brief history of your relationship with the father 4', '4 State the approximate date and place of conception', 'have taken to attempt to locate or contact him 1', 'have taken to attempt to locate or contact him 2', 'have taken to attempt to locate or contact him 3', 'Text1', 'Check Box2', 'Check Box3', 'Check Box4', 'Check Box5', 'Check Box6', 'Check Box7', 'Check Box8', 'Check Box9']",29.0,6
f3b03706d83e4c08b4f178da7d0c6bef,MI,www.courts.michigan.gov,"Appeal of Suspension, Revocation, or Denial of Driverâ€™s License",motor vehicle offenses forms,https://www.courts.michigan.gov/4a7f10/siteassets/forms/scao-approved/cc295.pdf,cc295.pdf,2021-11-03,2,"['STATE OF MICHIGAN JUDICIAL CIRCUIT COUNTY', 'Petitioners name address and telephone no', 'Petitioners attorney bar no address and telephone no', 'Respondents attorney bar no address and telephone no', 'Date', 'record pursuant to MCL 2573234', 'findings of a license appeal hearing pursuant to', 'in violation of the constitution of the United States the state constitution of 1963 or a statute as described below', 'in excess of the Secretary of States  statutory authority or jurisdiction as described below', 'made upon unlawful procedure resulting in material prejudice to the petitioner as described below', 'not supported by competent material and substantial evidence on the whole record as described below', 'arbitrary capricious or clearly an abuse or unwarranted exercise of discretion as described below', 'affected by other substantial and material error of law as described below', 'Date_2', 'Date and time', 'Location', 'Date_3', 'Text1', 'Judge', 'Text3', 'Text4', 'Text5', 'Text6', 'CASE NO', 'Text7', 'at', 'checkbox']",13.5,12
155c0c343a5f456fb99945fa5759913f,MI,www.courts.michigan.gov,Notice Regarding Eligibility for Early Discharge From Probation,probation,https://www.courts.michigan.gov/4a7b9f/siteassets/forms/scao-approved/mc512.pdf,mc512.pdf,2021-11-03,1,"['STATE OF MICHIGAN JUDICIAL DISTRICT JUDICIAL CIRCUIT', 'Defendants name address and telephone no', 'undefined_2', 'CTNTCN', 'SID', 'Probation officer', 'Offense', 'Term', 'Date of Sentence', 'I am the probationer I have completed at least one half of my original probation period and all required probation', 'I am the probation officer The probationer has completed at least one half of the original probation period and all', 'Print name', 'Phone no', 'Text1', 'CASE NO', 'Text3', 'Text4', 'Text6', 'The State of Michigan', 'checkbox', 'Text7', 'Judge']",22.0,9
ff52ad38fb624afaa317c72a092197de,MI,www.courts.michigan.gov,"Complaint, Claim and Delivery",claim and delivery,https://www.courts.michigan.gov/4a6ed0/siteassets/forms/scao-approved/mc35.pdf,mc35.pdf,2021-11-03,1,"['STATE OF MICHIGAN JUDICIAL DISTRICT JUDICIAL CIRCUIT', 'CASE NO', 'Plaintiffs', 'Defendants', '1 The plaintiff is lawfully entitled to possession of the following described property with an estimated value of', 'an independent piece of property andor', 'a portion of divisible property of uniform kind quality and value', 'undefined', 'SUPPLEMENTAL COMPLAINT if applicable 4 This action is based upon a security agreement debt The plaintiff claims the balance due of   A copy of the security agreement is attached 5 The plaintiff claims the following damages because of the defendants unlawful taking or detention', '4 This action is based upon a security agreement debt The plaintiff claims the balance due of', '5 The plaintiff claims the following damages because of the defendants unlawful taking or detention', 'and damages is', 'Date', 's', 'Text1', 'Text2', 'Text3', 'Text4', 'Text5', 'Text6']",20.0,12
b9307533a2794975a353c33404e562d3,MI,www.courts.michigan.gov,Order Regarding Voluntary Foster Care Agreement,young adult foster care forms,https://www.courts.michigan.gov/4a8008/siteassets/forms/scao-approved/ccfd21.pdf,ccfd21.pdf,2021-11-03,1,"['county', 'FILE NO', 'Name of youth', 'DOB', 'Race', 'Gender', 'Current address', 'Date', 'courtfinds', 'is', 'isnot', 'Date_3', 'bar']",13.0,30
3526efcec2f94b8da7c94d8be95ed6af,MI,www.courts.michigan.gov,Appeal Worksheet for Application for Leave to Appeal,appeals,https://www.courts.michigan.gov/4a2f90/siteassets/forms/scao-approved/dc53.pdf,dc53.pdf,2021-11-03,4,[],0.0,11
e0f1fea8c5b649418321e1cab1a0d67c,MI,www.courts.michigan.gov,Garnishee Disclosure,garnishment,https://www.courts.michigan.gov/4a7dbe/siteassets/forms/scao-approved/mc14.pdf,mc14.pdf,2021-11-03,5,"['Plaintiffs name address and telephone no judgment creditor', 'Defendants name address and telephone no judgment debtor', 'Plaintiffs attorney bar no address and telephone no', 'Garnishee name and address', '1 This disclosure is for a writ of garnishment issued on', 'and received by garnishee on', 'undefined', 'a The garnishee mailed or delivered a copy of the writ of garnishment to the defendant on', 'b The garnishee was unable to mail or deliver a copy of the writ of garnishment to the defendant', 'c The garnishee will not withhold payments under the writ of garnishment The writ of garnishment was served after', 'a The garnishee is not indebted to the defendant for any amount and does not possess or control the defendants', 'b The garnishee is indebted to the defendant for nonperiodic payments as follows', 'c Withholding is exempt because', 'property money etc Reason', 'Description of property money negotiable instruments etc under garnishees control', 'Type of account if applicable', 'The amount to be withheld is 1', 'The amount to be withheld is 2', 'd The garnishee is not obligated to pay the defendant during the period of the writ', 'not employed', 'other', 'undefined_2', 'e The garnishee is obligated to pay the defendant during the period of the writ', 'earnings', 'nonearnings', 'Specify nature of payment see instructions on next page', 'weekly', 'biweekly', 'semimonthly', 'monthly', 'other_2', 'frequency of payment', 'is', 'is not', 'Name of court that issued higher priority writorder', 'Case number', 'Date issued', 'Date served', 'will begin immediately if sufficient funds are available', 'will not begin immediately because defendant is', 'laid off', 'sick', 'on leave', 'other_3', 'specify', 'Date', 'I mailed or personally delivered the original of this disclosure to the court', 'I mailed or personally delivered a copy of this disclosure to the plaintiffattorney', 'I mailed or personally delivered a copy of this disclosure to the defendant', 'Date_2', 'Text1', 'Text2', 'Text3', 'Text4', 'Text5', 'Judge', 'CASE NO', 'Text7', 'Text8']",11.8,10
62506f3236904719adbcf0ba9da7b27c,MI,www.courts.michigan.gov,Affidavit and Notice of Entry of Foreign Judgment,General Civil forms,https://www.courts.michigan.gov/4a27d3/siteassets/forms/scao-approved/mc62.pdf,mc62.pdf,2021-11-03,1,"['disno', 'cirno', 'caseno', 'judge', 'address', 'telno', 'pname', 'paname', 'dname', 'daname', 'state', 'court', 'caseno1', 'amount', 'jdate']",15.0,20
8e9a260e9a904dd49e98257c383eeafb,MI,www.courts.michigan.gov,Claim of Interest on Vehicle Seized for Forfeiture,forfeiture,https://www.courts.michigan.gov/4a7def/siteassets/forms/scao-approved/mc67.pdf,mc67.pdf,2021-11-03,1,"['Defendants name address and telephone no', 'undefined_3', 'CTN', 'SID', 'own', 'lease', 'hold security interest in', 'Year', 'Make', 'Model', 'License plate no', 'Vehicle identification no', 'title for the vehicle', 'lease for the vehicle', 'proof of security interest in the vehicle', 'Date', 'Name type or print', 'Address', 'City state zip', 'Telephone no', 'CASE NO', 'Text1', 'Text2', 'Text3', 'Judge', 'Text5', 'Text6', 'Text7', 'The State of Michigan', 'checkbox100', 'Text8', 'Text9']",32.0,10
c838c587daff4c7a9ebb29383bfc910e,MI,www.courts.michigan.gov,Civil Mediator Application,Alternative dispute res,https://www.courts.michigan.gov/4a2c50/siteassets/forms/scao-approved/mc281a.pdf,mc281a.pdf,2021-11-03,3,"['name', 'pno', 'address', 'telno', 'faxno', 'email', 'item8adate', 'item8atrainer', 'item8b2', 'item8b3', 'item8b3info', 'item8c', 'item8c2', 'item8d', 'item9adate', 'item9atrainer', 'item9ainfo', 'item9dinfo', 'item10b', 'item10c', 'item10d', 'item10e', 'hourlyfee', 'certificationdateendofform', 'item9binfo', 'item9cinfo', 'fullname', 'pnumber', 'specify', 'item8b1', 'checkbox2', 'checkbox1', 'checkbox3', 'checkbox4', 'checkbox5', 'checkbox6', 'checkbox7', 'checkbox8', 'checkbox9', 'checkbox10', 'checkbox11', 'checkbox12', 'checkbox13', 'checkbox14', 'checkbox15', 'checkbox16']",15.333333333333334,13
8026f3a8e28541d8a8bfcc5e3ca8c7d2,MI,www.courts.michigan.gov,Petition to Discontinue Sex Offender Registration,Offender Registration,https://www.courts.michigan.gov/4a2e38/siteassets/forms/scao-approved/mc406a.pdf,mc406a.pdf,2021-11-03,10,"['CASE NO A', 'Defendants name address and telephone no', 'undefined_6', 'undefined_7', 'CTN', 'SID', 'DOB', 'In the Matter of', '1 On', 'I was convicted of the following offense', 'I was not confined for this offense', 'I completed the term of confinement for this offense on', 'undefined_8', 'I am a Tier I offender and at least 10 years have passed since I was convicted or since I was released from', 'I am a Tier III offender and at least 25 years have passed since I was adjudicated or since I was released from', '3 I was ordered to complete a sex offender treatment program and I successfully completed that program', 'b I was convicted of an offense listed in MCL 28722s u or w and the conviction was for an offense that was', 'c I was convicted of a violation of MCL 750158 750338 750338a 750338b or 750520c1i as a result of a', 'd I was registered under the Sex Offenders Registration Act before July 1 2011 for an offense that required', 'e I was adjudicated as a juvenile for an offense listed in MCL 28722s u or w and I was less than 14 years of', 'A hearing will be held on the above petition to discontinue registration on', 'at_2', 'before', 'I', 'Text1', 'Text2', 'Text3', 'Text4', 'Text5', 'Text6', 'The State of Michigan', 'checkbox', 'at', 'Bar no']",3.4,10
563fc99a3c204741839af3cc0c613f2c,MI,www.courts.michigan.gov,"Account of Fiduciary, Long Form",Estates Trusts,https://www.courts.michigan.gov/4a8e17/siteassets/forms/scao-approved/pc584.pdf,pc584.pdf,2021-11-03,3,"['STATE OF MICHIGAN PROBATE COURT COUNTY', 'ACCOUNT OF FIDUCIARY LONG FORM', 'Final', 'Interim', 'Annual', 'Number', 'Court address', 'In the matter of', 'In a guardianship or conservatorship the wards or protected individuals current address and telephone number are', '1 I', 'am the', 'of the estate and submit the following as my account which covers the period from', 'to', 'undefined', 'undefined_3', 'undefined_5', 'SCHEDULE A Income and gain in this accounting periodRow1', 'SCHEDULE B Expenses losses and other disbursements including distributions to devisees and beneficiariesRow1', 'SCHEDULE A Income and gain in this accounting periodRow2', 'SCHEDULE B Expenses losses and other disbursements including distributions to devisees and beneficiariesRow2', 'SCHEDULE A Income and gain in this accounting periodRow3', 'SCHEDULE B Expenses losses and other disbursements including distributions to devisees and beneficiariesRow3', 'SCHEDULE A Income and gain in this accounting periodRow4', 'SCHEDULE B Expenses losses and other disbursements including distributions to devisees and beneficiariesRow4', 'SCHEDULE A Income and gain in this accounting periodRow5', 'SCHEDULE B Expenses losses and other disbursements including distributions to devisees and beneficiariesRow5', 'SCHEDULE A Income and gain in this accounting periodRow6', 'SCHEDULE B Expenses losses and other disbursements including distributions to devisees and beneficiariesRow6', 'SCHEDULE A Income and gain in this accounting periodRow7', 'SCHEDULE B Expenses losses and other disbursements including distributions to devisees and beneficiariesRow7', 'SCHEDULE A Income and gain in this accounting periodRow8', 'SCHEDULE B Expenses losses and other disbursements including distributions to devisees and beneficiariesRow8', 'DATE ACQUIREDRow1', 'DATE SOLD DISPOSEDRow1', 'VALUE AT TIME ACQUIRED BY FIDUCIARYRow1', 'PROCEEDS OF SALE DISPOSITIONRow1', 'DATE ACQUIREDRow2', 'DATE SOLD DISPOSEDRow2', 'VALUE AT TIME ACQUIRED BY FIDUCIARYRow2', 'PROCEEDS OF SALE DISPOSITIONRow2', 'DATE ACQUIREDRow3', 'DATE SOLD DISPOSEDRow3', 'VALUE AT TIME ACQUIRED BY FIDUCIARYRow3', 'PROCEEDS OF SALE DISPOSITIONRow3', 'DATE ACQUIREDRow4', 'DATE SOLD DISPOSEDRow4', 'VALUE AT TIME ACQUIRED BY FIDUCIARYRow4', 'PROCEEDS OF SALE DISPOSITIONRow4', 'DATE ACQUIREDRow5', 'DATE SOLD DISPOSEDRow5', 'VALUE AT TIME ACQUIRED BY FIDUCIARYRow5', 'PROCEEDS OF SALE DISPOSITIONRow5', 'SCHEDULE D Itemized assets remaining at end of accounting period If additional sheets are required indicate on Schedule See attached sheetsRow1', 'SCHEDULE D Itemized assets remaining at end of accounting period If additional sheets are required indicate on Schedule See attached sheetsRow2', 'SCHEDULE D Itemized assets remaining at end of accounting period If additional sheets are required indicate on Schedule See attached sheetsRow3', 'SCHEDULE D Itemized assets remaining at end of accounting period If additional sheets are required indicate on Schedule See attached sheetsRow4', 'SCHEDULE D Itemized assets remaining at end of accounting period If additional sheets are required indicate on Schedule See attached sheetsRow5', 'petition except as follows For each person whose address changed list the name and new address attach separate sheet if necessary 1', 'petition except as follows For each person whose address changed list the name and new address attach separate sheet if necessary 2', 'This account is not being filed with the court', 'My fiduciary fees incurred during this accounting period including fees that have already been approved andor paid', 'for this accounting period are', 'Attorney fees incurred during this accounting period including fees that have already been approved andor paid for', 'Attached is a written description of the services performed', 'Date', 'Attorney name type or print', 'Bar no', 'Fiduciary name type or print', 'Address', 'Address_2', 'City state zip', 'Telephone no', 'City state zip_2', 'Telephone no_2', 'Judge', 'Text2', 'CASE NO', 'Text3', 'Text4', 'Text5', 'Text7', 'Text8', 'Text9', 'Text11', 'Text10', 'Text12', 'Text13', 'Text15', 'Text16', 'Investmentgain', 'Investmentloss', 'DispositionlossfromScheduleC', 'SCHEDULEARow3_2', 'SCHEDULEARow4_2', 'SCHEDULEARow5_2', 'SCHEDULEARow6_2', 'SCHEDULEBRow1_2', 'SCHEDULEBRow2_2', 'SCHEDULEBRow3_2', 'SCHEDULEBRow4_2', 'SCHEDULEBRow5_2', 'SCHEDULEBRow6_2', 'SCHEDULEBRow7_2', 'SCHEDULEBRow8_2', 'SCHEDULEARow7_2', 'SCHEDULEARow8_2', 'SCHEDULEDRow1_2', 'SCHEDULEDRow2_2', 'SCHEDULEDRow3_2', 'SCHEDULEDRow4_2', 'SCHEDULEDRow5_2', 'BALANCE OF ASSETS REMAINING2', 'SCHEDULEARow2_2', 'SCHEDULEARow1_2', 'Text14', 'DispositiongainfromScheduleC', 'TotalIncomeGain', 'TotalExpenseLossDisbursement']",39.333333333333336,11
4c3ef09f146843e8936b01c7b1b3d246,MI,www.courts.michigan.gov,County Clerk's Report of Sale,Mortgage foreclosure,https://www.courts.michigan.gov/4a2ca8/siteassets/forms/scao-approved/cc117.pdf,cc117.pdf,2021-11-03,1,"['cirno', 'county', 'caseno', 'address', 'telno', 'pname', 'paddress', 'paname', 'pabarno', 'paaddress', 'patelno', 'dname', 'daddress', 'daname', 'dabarno', 'daaddress', 'datelno', 'saletime', 'adjourn', 'origdate', 'posting', 'time', 'date', 'newspaper', 'post1', 'post2', 'post3', 'soldto', 'amount', 'item7a', 'item7b', 'item7c', 'item7d', 'item7e', 'sum', 'rdate', 'item2', 'item3', 'saledate', 'saledate1']",40.0,11
0b73aa63f8334a5aab77e4ad111ae9f2,MI,www.courts.michigan.gov,"Commitment Order, Not Guilty by Reason of Insanity",Criminal disposition forms,https://www.courts.michigan.gov/4a3e20/siteassets/forms/scao-approved/mc207.pdf,mc207.pdf,2021-11-03,1,"['STATE OF MICHIGAN JUDICIAL DISTRICT JUDICIAL CIRCUIT', 'CASE NO', 'The State of Michigan', 'undefined', 'undefined_2', 'Defendants name address and telephone no', 'THE PEOPLE OF', 'CTNTCN', 'SID', 'DOB', 'Race', 'Sex', 'CountRow1', 'CRIMERow1', 'CHARGE CODES MCL citationPACC CodeRow1', 'CountRow2', 'CRIMERow2', 'CHARGE CODES MCL citationPACC CodeRow2', 'CountRow3', 'CRIMERow3', 'CHARGE CODES MCL citationPACC CodeRow3', 'pled', 'was found', 'a The sheriff shall transport defendant to the Center for Forensic Psychiatry', 'b Defendant shall immediately report to the Center for Forensic Psychiatry for admission', 'Date', 'Judge', 'Bar no', 'Text1', 'Text2', 'Text3', 'Text4', 'Text5', 'Text6']",34.0,11
9b75e59190604d7fb99fbae613158763,MI,www.courts.michigan.gov,Motion and Order to Dismiss Action for Personal Protection Order,PPO,https://www.courts.michigan.gov/4a30ef/siteassets/forms/scao-approved/cc378.pdf,cc378.pdf,2021-11-03,3,"['CASE NO A', 'Date', '3 No order for personal protection has been entered', 'Date_2', 'Text253', 'Text254', 'Text255', 'Text256', 'Text257', 'Text258', 'Text259', 'Text260']",4.0,10
27b53338017647ee97923257f52e124f,MI,www.courts.michigan.gov,Order Following Hearing on Petition to Change Name,name change,https://www.courts.michigan.gov/4aa6ee/siteassets/forms/scao-approved/pc52.pdf,pc52.pdf,2021-11-03,4,"['CASE NO', 'STATE OF MICHIGAN JUDICIAL CIRCUIT  FAMILY DIVISION COUNTY', 'Name type or print_2', 'Judge', 'Text3', 'Text2', 'Present first middle and last names', '5 The court has received the required criminal record reports from the Michigan Department of State Police', '6', 'Name type or print', 'is', 'a support order has not been entered and the noncustodial parent having the ability to support or assist', 'is not', 'a The noncustodial parent has had the ability to visit contact or communicate with the minor but has regularly and', 'a support order has been entered and the noncustodial parent has failed to substantially comply with the', '8 The petitioner having legal custody requests the name change of a minor The noncustodial parent has consented to', '12 The minors isare not of sufficient age to express a preference to a name change', '9 The petitioner requests the name change of a minor The custodial parent has consented to the name change The', '10 The minors 14 years of age or older signed a written consent to change name in the presence of the court', '11 The minors under the age of 14 hashave stated a preference to a name change', 'b The noncustodial parent has been convicted of child abuse MCL 750136b criminal sexual conduct MCL 750520b', 'Name_2', 'Text5', 'TOPetitioner', 'DOB1', 'Text6', 'TOSpouse', 'DOB5', 'DOB4', 'DOB3', 'Text7', 'TOMinor child', 'DOB2', 'Text8', 'TOMinor child_2', 'Text9', 'TOMinor child_3', 'Text10', 'TOMinor child_4', 'DOB6', 'Name', '13 The names of the following persons isare changed', '16 The request is denied and the petition is dismissed', '14 The State Registrar shall create a new live birth certificate for', '15 The request to change the name of', 'Attorney Name type or print', 'Telephone no', 'Bar no_2', 'Address', 'City state zip', 'County']",12.75,8
23b9546f181946d7949e58f4cb0be5d3,MI,www.courts.michigan.gov,Affidavit for Search Warrant,general use,https://www.courts.michigan.gov/4a2f5c/siteassets/forms/scao-approved/mc231a.pdf,mc231a.pdf,2021-11-03,1,"['description', 'page1', 'page2']",3.0,
e7d86a6f03204feaa0bfd197c5891ced,MI,www.courts.michigan.gov,Annual Report of Juvenile Guardian on Condition of Child,juvenile guardianship forms,https://www.courts.michigan.gov/4a7d75/siteassets/forms/scao-approved/jc94.pdf,jc94.pdf,2021-11-03,2,"['STATE OF MICHIGAN JUDICIAL CIRCUIT  FAMILY DIVISION COUNTY', 'First and last name of childrenjuvenile', 'This report should be completed annually by the juvenile guardian or more often if directed by the court', 'am the juvenile guardian of the child named above and', 'Date', 'undefined', 'a Current address and telephone number of the child', 'state the changes and the reasons for change', 'excellent', 'good', 'fair', 'poor', '1', '2', '3', '4', 'excellent_2', 'good_2', 'fair_2', 'poor_2', 'Specify any prescribed medications treatment received and doctors name 1', 'Specify any prescribed medications treatment received and doctors name 2', 'Specify any prescribed medications treatment received and doctors name 3', 'Specify any prescribed medications treatment received and doctors name 4', 'child attends alternative education state where and the grade If the child does not attend school explain why 1', 'child attends alternative education state where and the grade If the child does not attend school explain why 2', 'child attends alternative education state where and the grade If the child does not attend school explain why 3', 'Describe the childs involvement in social religious and sports activities 1', 'Describe the childs involvement in social religious and sports activities 2', 'Describe the childs involvement in social religious and sports activities 3', 'Describe the childs involvement in social religious and sports activities 4', 'anything about the parenting time you believe is important for the court to know 1', 'anything about the parenting time you believe is important for the court to know 2', 'anything about the parenting time you believe is important for the court to know 3', 'anything about the parenting time you believe is important for the court to know 4', 'law enforcement or child protective services etc 1', 'law enforcement or child protective services etc 2', 'law enforcement or child protective services etc 3', 'undefined_2', 'Date_2', 'Address', 'Text1', 'Petition no', 'Judge', 'Text4', 'Text5', 'CASE NO', 'Text6', 'Text7']",24.5,6
605268113607444d9a26472c68d31b54,MI,www.courts.michigan.gov,Advice of Rights Regarding Appeal (Child Protective Proceedings),juvenile proceedings,https://www.courts.michigan.gov/4a7d7f/siteassets/forms/scao-approved/jc111.pdf,jc111.pdf,2021-11-03,1,"['STATE OF MICHIGAN JUDICIAL CIRCUIT  FAMILY DIVISION COUNTY', 'Date', 'Respondents name type or print', 'Text1', 'CASE NO', 'Petition no', 'Judge', 'Text4', 'Text5', 'Text6']",10.0,10
7f4a0cfd110845b4b9a85e7907b64d3d,MI,www.courts.michigan.gov,Advice of Rights Regarding Use of Friend of the Court Services,Domestic Relations,https://www.courts.michigan.gov/4a7702/siteassets/forms/scao-approved/foc101.pdf,foc101.pdf,2021-11-03,2,"['cirno', 'telno', 'county', 'caseno', 'address', 'acknowledge', 'sdate', 'name1', 'name2']",4.5,14
af3ecaead2414d2ab046f110a998b270,MI,www.courts.michigan.gov,"Account of Fiduciary, Short Form",conservatorship protected individuals,https://www.courts.michigan.gov/4a8f89/siteassets/forms/scao-approved/pc583.pdf,pc583.pdf,2021-11-03,2,"['STATE OF MICHIGAN PROBATE COURT COUNTY', 'ACCOUNT OF FIDUCIARY SHORT FORM', 'Final', 'Interim', 'Annual', 'Number', 'Court address', 'First middle and last name of fiduciary', 'In a guardianship or conservatorship the wards or protected individuals current address and telephone number are', 'Name', 'Title', 'Month day year', 'of the estate and submit the following as my account which covers the period from', 'fill_35', 'Row1', 'Row1_2', 'Row2', 'Row2_2', 'Row3', 'Row3_2', 'Row4', 'Row4_2', 'Row5', 'Row5_2', 'Row6', 'Row6_2', 'Row7', 'Row7_2', 'Row8', 'Row8_2', 'Row9', 'Row9_2', 'Row10', 'Row10_2', 'undefined', 'undefined_3', 'undefined_4', 'Row1_3', 'Row2_3', 'Row3_3', 'fill_23', '5 This account lists all income and other receipts and expenses and other disbursements that have come to my knowledge', 'This account is not being filed with the court', 'My fiduciary fees incurred during this accounting period including fees that have already been approved andor paid', 'Attorney fees incurred during this accounting period including fees that have already been approved andor paid for', 'for this accounting period are', 'Attached is a written description of the services performed', 'Date', 'Attorney name type or print', 'Bar no', 'Fiduciary name type or print', 'Address', 'Address_2', 'City state zip', 'Telephone no', 'City state zip_2', 'Telephone no_2', 'Judge', 'Text2', 'Text3', 'Text4', 'Text5', 'Text6', 'Text7', 'Text8', 'Text9', 'Text10', 'Text11', 'Text12', 'Text13', 'Text14', 'Text15', 'Text16', 'Text17', 'Text18', 'Text19', 'Text20', 'Text21', 'Text22', 'Text23', 'Text24', 'Text25', 'Text26', 'Text27', 'Text28', 'Text29', 'Text30', 'Text31', 'Text32', 'CASE NO', 'Investmentgain', 'Investmentloss', 'TotalColumn1', 'TotalColumn2']",47.0,9
06162c934a9c4db1b5a8a934fdba4d21,MI,www.courts.michigan.gov,Confidential Information for Proceedings Concerning Waiver of Parental Consent,Abortion Waiver,https://www.courts.michigan.gov/4a7df4/siteassets/forms/scao-approved/pc122.pdf,pc122.pdf,2021-11-03,1,"['cirno', 'county', 'caseno', 'judge', 'pname', 'fullname', 'dob', 'initials', 'address', 'contact', 'pdate']",11.0,17
bc5c23666c0b4e8b85a90a16e29c4354,MI,www.courts.michigan.gov,"Affidavit for Search Warrant, Affidavit and Search Warrant  (two-page form)",forms criminal misdemeanor,https://www.courts.michigan.gov/4a2e8c/siteassets/forms/scao-approved/mc231.pdf,mc231.pdf,2021-11-03,3,"['describe3', 'nopages', 'date1', 'courtname', 'aname', 'describe1', 'describe2', 'date', 'date2', 'check', 'date3', 'servedon', 'barno', 'pano', 'date20']",5.0,13
98eb9d2df7c64dce8554c61b96fe8394,MI,www.courts.michigan.gov,Order Following Hearing on Petition to Rescind Order of Emancipation,emancipation,https://www.courts.michigan.gov/4a2bbc/siteassets/forms/scao-approved/pc103.pdf,pc103.pdf,2021-11-03,1,"['county', 'fileno', 'casename', 'hdate', 'judge', 'jbarno', 'pdate', 'item5', 'item6', 'item7', 'item8', 'item9', 'odate', 'item4', 'checkbox1', 'checkbox2']",16.0,12
e978436ef0e44b05a379dfc9e5255240,MI,www.courts.michigan.gov,Financial Statement,Collections Forms,https://www.courts.michigan.gov/4a2cee/siteassets/forms/scao-approved/mc287.pdf,mc287.pdf,2021-11-03,1,"['CASE NO', 'Name last first middle', 'SSN last 4 digits', 'house', 'apartment', 'lot no', 'City', 'Home phone no', 'Work phone no', 'Cellular phone no', 'Drivers license no', 'State', 'Mailing address if different than above', 'Single', 'Married', 'Separated', 'Widowed', 'Divorced', 'If divorced date final', 'Name and address of nearest living relative', 'Relationship', 'Names of dependents', 'Dates of birthRow1', 'Student YesNoRow1', 'CollegeUniversityRow1', 'Employer 1 Company name and address', 'Length of employment', 'If selfemployed type of businesstrade', 'General assistance', 'SSI', 'AFDC', 'Vehicle 1 Year  Make', 'Present value', 'Vehicle 2 Year  Make', 'Present value_2', 'BankFinancial account no', 'Name and address of financial institution', 'Name and address of financial institution_2', 'fill_8', 'expenses and that I have no other additional income  I will provide supporting documentation of income and debts upon request', 'Text10', 'Text11', 'Text12', 'Text13', 'Text14', 'Text15', 'Text16', 'Text17', 'Text18', 'Text19', 'Text20', 'Text21', 'Text22', 'Text23', 'Text24', 'Text25', 'Text26', 'Text27', 'Text28', 'Text29', 'Text30', 'Text31', 'Text32', 'Text33', 'Text34', 'Text35', 'Text36', 'Text37', 'Text38', 'Text39', 'Text40', 'Text41', 'Text42', 'Text43', 'Text44', 'Text45', 'Text46', 'Text47', 'Text48', 'Text49', 'bruptcy1', 'Food stamps', 'bruptcy2']",83.0,20
9a403ab01baa4e339f107a031d66d82d,MI,www.courts.michigan.gov,Appeal of Commitment and Order to Reconvene Commitment Review Panel,commitment testing ID,https://www.courts.michigan.gov/4a2c79/siteassets/forms/scao-approved/pc113.pdf,pc113.pdf,2021-11-03,1,"['cirno', 'county', 'caseno', 'casename', 'facility', 'odate', 'cdate']",7.0,19
36fa9c19607a4b01a3c618e9e8f095a7,MI,www.courts.michigan.gov,Certification and Report on Petition for Judicial Admission,MH Forms,https://www.courts.michigan.gov/4a7d95/siteassets/forms/scao-approved/pcm215a.pdf,pcm215a.pdf,2021-11-03,2,"['STATE OF MICHIGAN PROBATE COURT COUNTY OF', 'First middle and last name', 'Date', 'does', 'does not', 'does_2', 'does not_2', 'a', 'can', 'cannot', 'b', 'I base my conclusion on the following facts 1', 'I base my conclusion on the following facts 2', '4 The individual requires immediate admission to a facility in order to prevent physical harm to self and others pending', 'Date_2', 'Name and title', 'Date_3', 'does_3', 'does not_3', 'does_4', 'does not_4', 'a_2', 'can_2', 'cannot_2', 'b_2', 'I base my conclusion on the following facts 1_2', 'I base my conclusion on the following facts 2_2', '4 The individual requires immediate admission to a facility in order to prevent physical harm to self and others pending_2', 'Date_4', 'Name and title_2', '1 I', 'as', 'have met with and evaluated the individual and report that hisher mental physical social and educational condition is 1', 'have met with and evaluated the individual and report that hisher mental physical social and educational condition is 2', 'have met with and evaluated the individual and report that hisher mental physical social and educational condition is 3', 'a Residential placement', 'Availability specify', 'Availability specify_2', 'Availability specify_3', 'd Custody of friend or relative', 'Availability specify_4', 'e Home care or homemaker services', 'Availability specify_5', 'f Inpatient treatment at private psychiatric hospital', 'Availability specify_6', 'g Other', 'Availability specify_7', 'support services to be', 'Date_5', 'Address', 'Telephone no', 'Text1', 'Text2', 'FILE NO', 'b Day activity programs', 'textbox100', 'c Outpatient treatment', 'textbox101', 'City state zip', 'textbox3']",30.0,14
bd889e710c38480a807b1d1b26f41a3d,MI,www.courts.michigan.gov,Annual Report of Guardian on Condition of Legally Incapacitated Individual,guardianship,https://www.courts.michigan.gov/4a7e53/siteassets/forms/scao-approved/pc634.pdf,pc634.pdf,2021-11-03,4,"['STATE OF MICHIGAN PROBATE COURT COUNTY', 'FINAL REPORT', 'Court address', 'Then the guardian must complete a proof of service form PC 564 and file it and this report with the court', 'Name type or print', 'to', 'am the guardian of the adult named above and my', 'Date', 'undefined', 'a The current address and telephone number of the adult are', 'guardians homeapartment', 'hospital or medical facility', 'relatives home', 'Check here if this is a new address', 'own homeapartment', 'nursing home', 'foster home', 'other', 'undefined_2', 'boarding home assisted living etc', 'Relationship', 'state the changes and the reasons for change', 'excellent', 'average', 'below average', 'undefined_3', 'Explain 1', 'Explain 2', 'Explain 3', 'content with the living situation', 'unhappy with the living situation', 'g I recommend a more suitable living arrangement for the adult as follows', 'undefined_4', '1', 'excellent_2', 'good', 'fair', 'poor', 'remained about the same', 'improved', 'worsened', 'Explain', 'Explain_2', 'a I did not execute reaffirm or revoke a donotresuscitate order', 'b I', 'executed', 'reaffirmed', 'revoked', 'did', 'did not', 'a I did not execute reaffirm or revoke a POST form', 'b I_2', 'executed_2', 'reaffirmed_2', 'revoked_2', 'did_2', 'did not_2', 'a I did not execute reaffirm or revoke a nonopioid directive', 'b I_3', 'executed_3', 'reaffirmed_3', 'revoked_3', 'excellent_3', 'good_2', 'fair_2', 'poor_2', 'remained about the same_2', 'improved_2', 'worsened_2', 'Explain_3', 'Explain_4', 'excellent_4', 'good_3', 'fair_3', 'poor_3', 'remained about the same_3', 'improved_3', 'worsened_3', 'Explain_5', 'Explain_6', 'c During the past year the adult has participated in the following activities 1', 'c During the past year the adult has participated in the following activities 2', 'recreational', 'educational', 'social', 'occupational', 'No activities were available', 'The adult refused to participate in any activities', 'The adult was unable to participate in any activities', 'undefined_5', 'undefined_6', 'a During the past year I visited the adult as follows', 'List dates 1', 'List dates 2', 'b The average amount of time I spent on each visit was', 'c The last time I visited with the adult was on', 'During the past year I performed the following activities on behalf of the adult 1', 'During the past year I performed the following activities on behalf of the adult 2', 'During the past year I performed the following activities on behalf of the adult 3', 'During the past year I consulted with the adult before making the following decisions 1', 'During the past year I consulted with the adult before making the following decisions 2', 'During the past year I consulted with the adult before making the following decisions 3', '14 I believe the adult has the following unmet needs', '1_2', '2_2', '15 The guardianship', 'should', 'should not', 'be continued because', 'Note If you no longer wish to serve as guardian you must file a petition to remove yourself', '16 There', 'is', 'is not', 'undefined_7', '17 As guardian I have been ordered by the court to file an annual account which is attached', 'Date_2', 'Date_3', 'Address', 'Address_2', 'City state zip', 'Telephone no', 'City state zip_2', 'Telephone no_2', 'Check here if this is a new address_2', 'undefined_8', 'Judge', 'Text2', 'CASE NO', 'date101', 'date102', 'date103', 'date104', 'date105', 'date106', 'ailment101', 'ailment102', 'ailment103', 'ailment104', 'ailment105', 'ailment106', 'treatment101', 'treatment102', 'treatment103', 'treatment104', 'treatment105', 'treatment106', 'name102', 'name103', 'name104', 'name105', 'name106', 'name107', 'name101', 'name108', 'name109', 'name110', 'name111', 'name112', 'date107', 'date108', 'date109', 'date110', 'date111', 'date112', 'ailment107', 'ailment108', 'ailment109', 'ailment110', 'ailment111', 'ailment112', 'treatment107', 'treatment108', 'treatment109', 'treatment110', 'treatment111', 'treatment112', 'Text4', 'Text5', '2', 'text box1000']",45.0,8
422e0e6c99f04c319372e2a5e63f398e,MI,www.courts.michigan.gov,Application for Human Trafficking Victim to Set Aside Conviction(s),criminal felony forms,https://www.courts.michigan.gov/4a2ebf/siteassets/forms/scao-approved/mc227b.pdf,mc227b.pdf,2021-11-03,4,"['STATE OF MICHIGAN JUDICIAL DISTRICT JUDICIAL CIRCUIT', 'This application includes multiple case', 'Defendants name address and telephone no', 'undefined_2', 'CTNTCN', 'SID', 'Defendants attorney bar no address and telephone no', 'a', 'CHARGE CODES MCL citationPACC Codea', 'DATE OF CONVICTIONa', 'CASE NUMBERa', 'b', 'CHARGE CODES MCL citationPACC Codeb', 'DATE OF CONVICTIONb', 'CASE NUMBERb', 'c', 'CHARGE CODES MCL citationPACC Codec', 'DATE OF CONVICTIONc', 'CASE NUMBERc', 'd', 'CHARGE CODES MCL citationPACC Coded', 'DATE OF CONVICTIONd', 'CASE NUMBERd', 'convictions I am seeking to set aside are a direct result of my being a victim of a human trafficking violation 1', 'convictions I am seeking to set aside are a direct result of my being a victim of a human trafficking violation 2', 'convictions I am seeking to set aside are a direct result of my being a victim of a human trafficking violation 3', 'convictions I am seeking to set aside are a direct result of my being a victim of a human trafficking violation 4', 'convictions I am seeking to set aside are a direct result of my being a victim of a human trafficking violation 5', 'a No other application has been filed to set aside a conviction listed in item 1', 'b An application was previously filed to set aside the following convictions listed in item 1', 'CRIMERow1', 'CHARGE CODES MCL citationPACC CodeRow1', 'DATE OF CONVICTIONRow1', 'CASE NUMBERRow1', 'DISPOSITIONRow1', 'CRIMERow2', 'CHARGE CODES MCL citationPACC CodeRow2', 'DATE OF CONVICTIONRow2', 'CASE NUMBERRow2', 'DISPOSITIONRow2', 'CRIMERow3', 'CHARGE CODES MCL citationPACC CodeRow3', 'DATE OF CONVICTIONRow3', 'CASE NUMBERRow3', 'DISPOSITIONRow3', 'a No other application has been filed to set aside any other convictions', 'b An application was previously filed to set aside the following convictions not listed in item 1', 'CRIMERow1_2', 'CHARGE CODES MCL citationPACC CodeRow1_2', 'DATE OF CONVICTIONRow1_2', 'CASE NUMBERRow1_2', 'DISPOSITIONRow1_2', 'CRIMERow2_2', 'CHARGE CODES MCL citationPACC CodeRow2_2', 'DATE OF CONVICTIONRow2_2', 'CASE NUMBERRow2_2', 'DISPOSITIONRow2_2', 'CRIMERow3_2', 'CHARGE CODES MCL citationPACC CodeRow3_2', 'DATE OF CONVICTIONRow3_2', 'CASE NUMBERRow3_2', 'DISPOSITIONRow3_2', 'I have not had any convictions deferred and dismissed', 'I have had the following convictions deferred', 'and dismissed 1', 'and dismissed 2', 'Subscribed and sworn to before me on', 'My commission expires on', 'undefined_3', 'Notary public State of Michigan County of', 'Acting in the County of', 'undefined_4', 'This notarial act was performed using an electronic notarization system or a remote electronic notarization platform', 'Prosecuting official', 'Date and time', 'Location', 'prosecuting official on', 'Attorney General on', 'and notice of hearing', 'Date', 'Date_2', 'Date_3', 'Date_4', 'Text1', 'Judge', 'Text4', 'Text5', 'Text6', 'Text7', 'The State of Michigan', 'checkbox1', 'CASE NO', 'Text8', 'Text9', 'Text10', 'Judge2']",24.0,10
2ae35d7dfa7e465c99736a9740fd4560,MI,www.courts.michigan.gov,Judgment of Sentence/Commitment to Department of Corrections (Designated Case),juvenile designated forms,https://www.courts.michigan.gov/4a7df7/siteassets/forms/scao-approved/jc72.pdf,jc72.pdf,2021-11-03,2,"['STATE OF MICHIGAN JUDICIAL CIRCUIT  FAMILY DIVISION COUNTY', '1 In the matter of', 'CTNTCN', 'SID', 'DOB', '2 Date of hearing', '3 The juvenile was found guilty on', 'CountRow1', 'DISMISSED BYRow1', 'CRIMERow1', 'CHARGE CODES MCL citationPACC CODERow1', 'CountRow2', 'CourtRow2', 'DISMISSED BYRow2', 'CRIMERow2', 'CHARGE CODES MCL citationPACC CODERow2', 'CountRow3', 'CourtRow3', 'DISMISSED BYRow3', 'CRIMERow3', 'CHARGE CODES MCL citationPACC CODERow3', 'CountRow4', 'CourtRow4', 'DISMISSED BYRow4', 'CRIMERow4', 'CHARGE CODES MCL citationPACC CODERow4', 'CountRow5', 'CourtRow5', 'DISMISSED BYRow5', 'CRIMERow5', 'CHARGE CODES MCL citationPACC CODERow5', '4 The offense adjudicated is abstractable to the Secretary of State under MCL 25762521a MCL 257732', '5 The licensing sanction is reportable to the Michigan State Police under MCL 3337408a12 or MCL 25762521b', '6 HIV testing and sex offender registration are completed', '7 The juveniles biometric data has been collected according to MCL 28243 for all offenses punishable by 93 days or more', '8 A DNA sample is already on file with the Michigan State Police from a previous petition No assessment is required', 'The juveniles drivers license number is', 'days', 'Revoked', 'Suspended', 'Restricted', 'days_2', '11 The juvenile used a firearm in committing the crime', '12 The order delaying sentence dated', 'should be revoked and sentence imposed', '13 The juvenile is committed to the custody of Michigan Department of Corrections This sentence shall be executed', 'CourtRow1_2', 'SENTENCE DATERow1', 'DATE SENTENCE BEGINSRow1', 'OTHER INFORMATIONRow1', 'CourtRow2_2', 'SENTENCE DATERow2', 'MosRow2', 'undefined_2', 'DATE SENTENCE BEGINSRow2', 'OTHER INFORMATIONRow2', 'CourtRow3_2', 'SENTENCE DATERow3', 'MosRow3', 'undefined_4', 'DATE SENTENCE BEGINSRow3', 'OTHER INFORMATIONRow3', '14 The sentences are to be served consecutively to', 'each other', 'case numbers', 'undefined_6', 'are subject to a 20 late penalty on the amount owed If the juvenile is not able to pay due to financial hardship contact', 'Text1', 'Text3', 'Text4', 'Text5', 'CourtRow1', 'plea1', 'plea2', 'plea5', 'plea4', 'plea3', 'jury1', 'jury5', 'jury4', 'jury3', 'jury2', 'PETITION NO', 'CASE NO', 'MosRow1', 'years1', 'years2', 'years3', 'Days', 'Days10', 'Days11', 'Days3', 'Days31', 'Days32', 'Mos', 'Mos1', 'undefined_3', 'undefined_300', 'undefined_5', 'undefined_500', 'Text7', 'Text8', 'Judge', 'Judge1', 'Days900']",52.5,8
fd9424f053a44e8280befd0d365c6ca1,MI,www.courts.michigan.gov,Order after Hearing on Petition to Accept Release and Terminate Rights to Surrendered Newborn Child,safe delivery newborn,https://www.courts.michigan.gov/4a2dc0/siteassets/forms/scao-approved/ccfd08.pdf,ccfd08.pdf,2021-11-03,1,"['cirno', 'county', 'caseno', 'cname', 'judge', 'barno', 'pname1', 'pname2', 'odate', 'hdate', 'agency', 'box3', 'box4', 'isnot', 'is', 'box7', 'surrender', 'nonsurrender', 'childplacingagency', 'box8', 'box2', 'checkbox2', 'checkbox1', 'checkbox3', 'podate', 'textbox11']",26.0,26
fa8c956052f94a78a0c951328006bd62,MI,www.courts.michigan.gov,Case Evaluator Application,case evaluation,https://www.courts.michigan.gov/4a2af9/siteassets/forms/scao-approved/mc34.pdf,mc34.pdf,2021-11-03,3,"['raddress', 'htelno', 'baddress', 'btelno', 'cemployer', 'pemployer', 'faxno', 'newapp', 'explain', 'yrs in practice', 'adm date', 'plaintiff', 'defense', 'pian', 'pipl', 'pidf', 'pmal', 'pmpl', 'pmdf', 'prol', 'prpl', 'prdf', 'com', 'compl', 'comdf', 'labem', 'labpl', 'labdf', 'con', 'conpl', 'condf', 'sublist1', 'area1', 'area2', 'area3', 'year3', 'area4', 'years4', 'addl', 'appdate', 'sublist', 'specify1', 'specify2', 'name', 'barno', 'female', 'male', 'amind', 'asian', 'black', 'hispanic', 'white', 'otherace', 'years2', 'years1', 'yearsc', 'yearsp', 'email', 'item18', 'domrel', 'dompl', 'domd', 'oth1', 'o1pl', 'o1df', 'oth2', 'o2pl', 'o2df', 'renewal', 'checkbox2', 'checkbox3', 'checkbox4', 'checkbox1', 'checkbox7', 'checkbox6', 'checkbox8']",25.333333333333332,22
1ceaeb87496540e1b0b46929498536fd,MI,www.courts.michigan.gov,Collecting Your Money from a Small Claims Judgment,small claims,https://www.courts.michigan.gov/4a801f/siteassets/forms/scao-approved/dci84.pdf,dci84.pdf,2021-11-03,2,[],0.0,9
4f2f8f8dfff841468b718f90f0ba2df0,MI,www.courts.michigan.gov,"14-Day Notice, Civil Infraction",civil infraction,https://www.courts.michigan.gov/4a7331/siteassets/forms/scao-approved/cia03a.pdf,cia03a.pdf,2021-11-03,1,[],0.0,16
